model,temperature,max_tokens,bug_id,bug_name,generated,syntactically_valid,tp,fp,raw_xml
meta-llama-3.1-8b-instruct,0.0,256,CWE-476,NULL Pointer Dereference,True,True,False,False,"<?xml version=""1.0""?> <rule version=""1"">   <pattern>return \* ( [^=]= NULL ) ?;.*\*\1</pattern>   <message>     <id>cwe_476</id>     <severity>warning</severity>     <summary>NULL Pointer Dereference</summary>   </message> </rule>"
meta-llama-3.1-8b-instruct,0.0,256,CWE-787,Out-of-Bounds Write,True,True,False,False,"<?xml version=""1.0""?> <rule version=""1"">   <pattern>strcpy \( \w+ , \w+ \) .* \w+\[ \d+ \] ;</pattern>   <message>     <id>cwe_787</id>     <severity>warning</severity>     <summary>Out-of-bounds write due to strcpy without length check.</summary>   </message> </rule>"
meta-llama-3.1-8b-instruct,0.0,256,CWE-416,Use After Free,True,False,False,False,"<?xml version=""1.0""?> <rule version=""1"">   <pattern>free \( \w+ \) .* \* \1;</pattern>   <message>     <id>cwe_416</id>     <severity>warning</severity>     <summary>Use after free detected.</summary>   </message> </rule>"
meta-llama-3.1-8b-instruct,0.0,256,CWE-401,Memory Leak,True,True,True,True,"<?xml version=""1.0""?> <rule version=""1"">   <pattern>malloc \( .* \) (?!.* free \()</pattern>   <message>     <id>cwe_401</id>     <severity>warning</severity>     <summary>Memory leak due to unallocated memory.</summary>   </message> </rule>"
meta-llama-3.1-8b-instruct,0.0,256,CWE-415,Double Free,True,True,False,False,"<?xml version=""1.0""?> <rule version=""1"">   <pattern>free \( (\w+) \) .* free \( \1 \)</pattern>   <message>     <id>cwe_415</id>     <severity>warning</severity>     <summary>Double Free: free() called twice for the same pointer.</summary>   </message> </rule>"
meta-llama-3.1-8b-instruct,0.0,256,CWE-190,Integer Overflow,True,True,False,False,"<?xml version=""1.0""?> <rule version=""1"">   <pattern>int\s*\w+\s*=\s*(\d+)\s*\+\s*(\d+);.*return\s*\1\s*\+\s*\2;</pattern>   <message>     <id>cwe_190</id>     <severity>warning</severity>     <summary>Integer Overflow: Potential CWE-190 vulnerability detected.</summary>   </message> </rule>"
meta-llama-3.1-8b-instruct,0.0,256,CWE-457,Use of Uninitialized Variable,True,True,False,False,"<?xml version=""1.0""?> <rule version=""1"">   <pattern>int \w+ ;\s*if\s*\(\s*\w+\s*&gt;\s*0\s*\)\s*\{.*result\s*=\s*\w+\s*;\s*\}\s*return\s*result\s*;</pattern>   <message>     <id>cwe_457</id>     <severity>warning</severity>     <summary>Use of Uninitialized Variable</summary>   </message> </rule>"
meta-llama-3.1-8b-instruct,0.0,256,CWE-125,Out-of-Bounds Read,True,True,False,False,"<?xml version=""1.0""?> <rule version=""1"">   <pattern>int\s*\w+\s*=\s*(\d+)\s*+.*arr\s*\[\s*\1\s*\]</pattern>   <message>     <id>cwe_125</id>     <severity>warning</severity>     <summary>Out-of-bounds read due to array index calculation error.</summary>   </message> </rule>"
meta-llama-3.1-8b-instruct,0.0,256,CWE-242,Use of Inherently Dangerous Function,True,True,False,False,"<?xml version=""1.0""?> <rule version=""1"">   <pattern>gets \(\w+\)</pattern>   <message>     <id>cwe_242</id>     <severity>warning</severity>     <summary>Use of inherently dangerous function gets()</summary>   </message> </rule>"
meta-llama-3.1-8b-instruct,0.0,256,CWE-134,Use of Externally-Controlled Format String,True,True,True,False,"<?xml version=""1.0""?> <rule version=""1"">   <pattern>%\w+ %x|%n</pattern>   <message>     <id>cwe_134</id>     <severity>warning</severity>     <summary>Use of Externally-Controlled Format String in printf family functions.</summary>   </message> </rule>"
meta-llama-3.1-8b-instruct,0.0,256,CWE-369,Divide By Zero,True,True,True,True,"<?xml version=""1.0""?> <rule version=""1"">   <pattern>return \w+ / \w+</pattern>   <message>     <id>cwe_369</id>     <severity>warning</severity>     <summary>Divide by zero without check.</summary>   </message> </rule>"
meta-llama-3.1-8b-instruct,0.0,256,CWE-562,Return of Stack Variable Address,True,True,False,False,"<?xml version=""1.0""?> <rule version=""1"">   <pattern>&quot;return &amp; \w+;&quot;</pattern>   <message>     <id>cwe_562</id>     <severity>warning</severity>     <summary>Return of stack variable address.</summary>   </message> </rule>"
meta-llama-3.1-8b-instruct,0.0,256,CWE-690,Unchecked Return Value to NULL Pointer Dereference,True,True,False,False,"<?xml version=""1.0""?> <rule version=""1"">   <pattern>malloc \( .* \) (?!.* free \() (?!.* if \( \s* ! \s* \w+ \))</pattern>   <message>     <id>cwe_690</id>     <severity>warning</severity>     <summary>Unchecked return value to NULL pointer dereference.</summary>   </message> </rule>"
meta-llama-3.1-8b-instruct,0.0,256,CWE-252,Unchecked Return Value,True,False,False,False,"<?xml version=""1.0""?> <rule version=""1"">   <pattern>fread \( \w+ , \d+ , sizeof \( \w+ \) , (\w+) \);.*\2 == NULL</pattern>   <message>     <id>cwe_252</id>     <severity>warning</severity>     <summary>Unchecked return value of fread function.</summary>   </message> </rule>"
meta-llama-3.1-8b-instruct,0.0,256,CWE-191,Integer Underflow,True,True,True,True,"<?xml version=""1.0""?> <rule version=""1"">   <pattern>return \w+ - \w+</pattern>   <message>     <id>cwe_191</id>     <severity>warning</severity>     <summary>Integer underflow detected.</summary>   </message> </rule>"
meta-llama-3.1-8b-instruct,0.0,256,CWE-197,Numeric Truncation Error,True,True,True,False,"<?xml version=""1.0""?> <rule version=""1"">   <pattern>char \w+ \( int \w+ \) { char result ; result = \w+ ; return result ; }|return \w+ = \w+ ;</pattern>   <message>     <id>cwe_197</id>     <severity>warning</severity>     <summary>Numeric truncation error: assigning int to char without checking bounds.</summary>   </message> </rule>"
meta-llama-3.1-8b-instruct,0.0,256,CWE-195,Signed to Unsigned Conversion Error,True,False,False,False,"<?xml version=""1.0""?> <rule version=""1"">   <pattern>int \w+ = -\d+ ; \w+ \( \w+ , \w+ , \2 \) ;</pattern>   <message>     <id>cwe_195</id>     <severity>warning</severity>     <summary>Signed to Unsigned Conversion Error: Negative number passed to function expecting unsigned.</summary>   </message> </rule>"
meta-llama-3.1-8b-instruct,0.0,256,CWE-131,Incorrect Calculation of Buffer Size,True,True,False,False,"<?xml version=""1.0""?> <rule version=""1"">   <pattern>malloc\(strlen\(\w+\)\)strcpy \( \w+ , \w+ \)</pattern>   <message>     <id>cwe_131</id>     <severity>warning</severity>     <summary>Incorrect calculation of buffer size: malloc(strlen(s)) without +1 for null terminator.</summary>   </message> </rule>"
meta-llama-3.1-8b-instruct,0.0,256,CWE-170,Improper Null Termination,True,True,False,False,"<?xml version=""1.0""?> <rule version=""1"">   <pattern>strncpy\( \w+ , \w+ , \d+\) .* sizeof\(\w+\)</pattern>   <message>     <id>cwe_170</id>     <severity>warning</severity>     <summary>Improper null termination using strncpy without explicit null terminator.</summary>   </message> </rule>"
meta-llama-3.1-8b-instruct,0.0,256,CWE-129,Improper Validation of Array Index,True,True,False,False,"<?xml version=""1.0""?> <rule version=""1"">   <pattern>int\s*\*\s*\w+\s*\[\s*\w+\s*\]</pattern>   <message>     <id>cwe_129</id>     <severity>warning</severity>     <summary>Improper Validation of Array Index</summary>   </message> </rule>"
meta-llama-3.1-8b-instruct,0.0,256,CWE-121,Stack-based Buffer Overflow,True,True,False,False,"<?xml version=""1.0""?> <rule version=""1"">   <pattern>strcpy \( \w+ , \w+ \) .* \(\d+\)</pattern>   <message>     <id>cwe_121</id>     <severity>warning</severity>     <summary>Stack-based buffer overflow due to strcpy.</summary>   </message> </rule>"
meta-llama-3.1-8b-instruct,0.0,256,CWE-122,Heap-based Buffer Overflow,True,True,True,False,"<?xml version=""1.0""?> <rule version=""1"">   <pattern>strcpy \( \w+ , &quot;.*&quot; \) .* free \( \w+ \)</pattern>   <message>     <id>cwe_122</id>     <severity>warning</severity>     <summary>Heap-based Buffer Overflow: strcpy used with a buffer that is too small.</summary>   </message> </rule>"
meta-llama-3.1-8b-instruct,0.0,256,CWE-126,Buffer Over-read,True,True,False,False,"<?xml version=""1.0""?> <rule version=""1"">   <pattern>strlen \( \w+ \) .* \w\{0, \} \[ \w+\] ;</pattern>   <message>     <id>cwe_126</id>     <severity>warning</severity>     <summary>Buffer over-read through strlen on non-null-terminated array.</summary>   </message> </rule>"
meta-llama-3.1-8b-instruct,0.0,256,CWE-665,Improper Initialization,True,False,False,False,"<?xml version=""1.0""?> <rule version=""1"">   <pattern>struct \w+ { \w+ ; \w+ ; } ; \s* int \w+ \( \) \{ struct \w+ p ; \s* (\w+)\.\w+\s*= \d+ ; .* \2\s*\.\s*\w+\s*;</pattern>   <message>     <id>cwe_665</id>     <severity>warning</severity>     <summary>Improper initialization of struct fields.</summary>   </message> </rule>"
meta-llama-3.1-8b-instruct,0.0,256,CWE-688,Function Call With Incorrect Variable as Argument,True,True,False,False,"<?xml version=""1.0""?> <rule version=""1"">   <pattern>free \( (\w+) \) .* &amp; \1</pattern>   <message>     <id>cwe_688</id>     <severity>warning</severity>     <summary>Function call with incorrect variable as argument (CWE-688)</summary>   </message> </rule>"
meta-llama-3.1-8b-instruct,0.0,256,CWE-468,Incorrect Pointer Scaling,True,True,False,False,"<?xml version=""1.0""?> <rule version=""1"">   <pattern>int\s*\*\s*p\s*=\s*arr\s+\+sizeof\(\w+\)\*\d+</pattern>   <message>     <id>cwe_468</id>     <severity>warning</severity>     <summary>Incorrect pointer scaling: sizeof(int) is not needed when adding to a pointer.</summary>   </message> </rule>"
meta-llama-3.1-8b-instruct,0.0,256,CWE-761,Free of Pointer not at Start of Buffer,True,True,False,False,"<?xml version=""1.0""?> <rule version=""1"">   <pattern>free \( (\w+) \) .* \* \1</pattern>   <message>     <id>cwe_761</id>     <severity>warning</severity>     <summary>Free of Pointer not at Start of Buffer</summary>   </message> </rule>"
meta-llama-3.1-8b-instruct,0.0,256,CWE-805,Buffer Access with Incorrect Length Value,True,True,True,False,"<?xml version=""1.0""?> <rule version=""1"">   <pattern>memcpy \( \w+ , \w+ , sizeof \( (\w+) \) \)</pattern>   <message>     <id>cwe_805</id>     <severity>warning</severity>     <summary>Buffer Access with Incorrect Length Value: Using sizeof on a pointer instead of the actual buffer size.</summary>   </message> </rule>"
meta-llama-3.1-8b-instruct,0.0,256,CWE-908,Use of Uninitialized Resource,True,True,False,False,"<?xml version=""1.0""?> <rule version=""1"">   <pattern>f \w+ ;.*fread \( .* , f \)</pattern>   <message>     <id>cwe_908</id>     <severity>warning</severity>     <summary>Use of uninitialized resource (FILE*) before reading from it.</summary>   </message> </rule>"
meta-llama-3.1-8b-instruct,0.0,256,CWE-676,Use of Potentially Dangerous Function,True,True,True,False,"<?xml version=""1.0""?> <rule version=""1"">   <pattern>sprintf \( \w+ , .* \)</pattern>   <message>     <id>cwe_676</id>     <severity>warning</severity>     <summary>Use of sprintf without buffer size control.</summary>   </message> </rule>"
meta-llama-3.1-8b-instruct,0.0,512,CWE-476,NULL Pointer Dereference,True,True,False,False,"<?xml version=""1.0""?> <rule version=""1"">   <pattern>return \* ( NULL ) ;</pattern>   <message>     <id>cwe_476</id>     <severity>warning</severity>     <summary>NULL Pointer Dereference</summary>   </message> </rule>"
meta-llama-3.1-8b-instruct,0.0,512,CWE-787,Out-of-Bounds Write,True,True,False,False,"<?xml version=""1.0""?> <rule version=""1"">   <pattern>strcpy \( \w+ , \w+ \) .* \w+\[ \d+ \] ;</pattern>   <message>     <id>cwe_787</id>     <severity>warning</severity>     <summary>Out-of-bounds write due to strcpy without length check.</summary>   </message> </rule>"
meta-llama-3.1-8b-instruct,0.0,512,CWE-416,Use After Free,True,False,False,False,"<?xml version=""1.0""?> <rule version=""1"">   <pattern>free \( \w+ \) .* \* \1;</pattern>   <message>     <id>cwe_416</id>     <severity>warning</severity>     <summary>Use after free detected.</summary>   </message> </rule>"
meta-llama-3.1-8b-instruct,0.0,512,CWE-401,Memory Leak,True,True,True,True,"<?xml version=""1.0""?> <rule version=""1"">   <pattern>malloc \( .* \) (?!.* free \()</pattern>   <message>     <id>cwe_401</id>     <severity>warning</severity>     <summary>Memory leak: allocated memory not freed.</summary>   </message> </rule>"
meta-llama-3.1-8b-instruct,0.0,512,CWE-415,Double Free,True,True,False,False,"<?xml version=""1.0""?> <rule version=""1"">   <pattern>free \( (\w+) \) .* free \( \1 \)</pattern>   <message>     <id>cwe_415</id>     <severity>warning</severity>     <summary>Double Free: free() called twice for the same pointer.</summary>   </message> </rule>"
meta-llama-3.1-8b-instruct,0.0,512,CWE-190,Integer Overflow,True,True,False,False,"<?xml version=""1.0""?> <rule version=""1"">   <pattern>int\s*\w+\s*=\s*(\d+)\s*\+\s*(\d+);.*return\s*\1\s*\+\s*\2;</pattern>   <message>     <id>cwe_190</id>     <severity>warning</severity>     <summary>Integer Overflow: Potential CWE-190 vulnerability detected.</summary>   </message> </rule>"
meta-llama-3.1-8b-instruct,0.0,512,CWE-457,Use of Uninitialized Variable,True,False,False,False,"<?xml version=""1.0""?> <rule version=""1"">   <pattern>int \w+ ;\s*\w+\([^)]+\)\s*=\s*\1\s*</pattern>   <message>     <id>cwe_457</id>     <severity>warning</severity>     <summary>Use of Uninitialized Variable</summary>   </message> </rule>"
meta-llama-3.1-8b-instruct,0.0,512,CWE-125,Out-of-Bounds Read,True,False,False,False,"<?xml version=""1.0""?> <rule version=""1"">   <pattern>int\s*\w+\s*=\s*(\d+)\s*;\s*\w+\s*=\s*\1\s*;\s*\w+\s*\[\s*\2\s*\]\s*</pattern>   <message>     <id>cwe_125</id>     <severity>warning</severity>     <summary>Out-of-bounds read due to array index calculation error.</summary>   </message> </rule>"
meta-llama-3.1-8b-instruct,0.0,512,CWE-242,Use of Inherently Dangerous Function,True,True,False,False,"<?xml version=""1.0""?> <rule version=""1"">   <pattern>gets \(\w+\)</pattern>   <message>     <id>cwe_242</id>     <severity>warning</severity>     <summary>Use of inherently dangerous function gets()</summary>   </message> </rule>"
meta-llama-3.1-8b-instruct,0.0,512,CWE-134,Use of Externally-Controlled Format String,True,True,True,False,"<?xml version=""1.0""?> <rule version=""1"">   <pattern>%\w+ %x|%n</pattern>   <message>     <id>cwe_134</id>     <severity>warning</severity>     <summary>Use of Externally-Controlled Format String in printf family functions.</summary>   </message> </rule>"
meta-llama-3.1-8b-instruct,0.0,512,CWE-369,Divide By Zero,True,True,True,True,"<?xml version=""1.0""?> <rule version=""1"">   <pattern>return \w+ / \w+</pattern>   <message>     <id>cwe_369</id>     <severity>warning</severity>     <summary>Divide by zero without check.</summary>   </message> </rule>"
meta-llama-3.1-8b-instruct,0.0,512,CWE-562,Return of Stack Variable Address,True,True,False,False,"<?xml version=""1.0""?> <rule version=""1"">   <pattern>&lt;return &amp; \w+;</pattern>   <message>     <id>cwe_562</id>     <severity>warning</severity>     <summary>Return of stack variable address.</summary>   </message> </rule>"
meta-llama-3.1-8b-instruct,0.0,512,CWE-690,Unchecked Return Value to NULL Pointer Dereference,True,True,False,False,"<?xml version=""1.0""?> <rule version=""1"">   <pattern>malloc \( .* \) (?!.* free \() (?!.* if \( \s* ! \s* \w+ \))</pattern>   <message>     <id>cwe_690</id>     <severity>warning</severity>     <summary>Unchecked return value to NULL pointer dereference.</summary>   </message> </rule>"
meta-llama-3.1-8b-instruct,0.0,512,CWE-252,Unchecked Return Value,True,False,False,False,"<?xml version=""1.0""?> <rule version=""1"">   <pattern>fread \( \w+ , \d+ , sizeof \( \w+ \) , (\w+) \);.*\2 == NULL</pattern>   <message>     <id>cwe_252</id>     <severity>warning</severity>     <summary>Unchecked return value of fread function.</summary>   </message> </rule>"
meta-llama-3.1-8b-instruct,0.0,512,CWE-191,Integer Underflow,True,True,True,True,"<?xml version=""1.0""?> <rule version=""1"">   <pattern>return \w+ - \w+</pattern>   <message>     <id>cwe_191</id>     <severity>warning</severity>     <summary>Integer underflow detected.</summary>   </message> </rule>"
meta-llama-3.1-8b-instruct,0.0,512,CWE-197,Numeric Truncation Error,True,True,True,False,"<?xml version=""1.0""?> <rule version=""1"">   <pattern>char \w+ \( int \w+ \) { char result ; result = \w+ ; return result ; }</pattern>   <message>     <id>cwe_197</id>     <severity>warning</severity>     <summary>Numeric truncation error: casting larger type to smaller without bounds check.</summary>   </message> </rule>"
meta-llama-3.1-8b-instruct,0.0,512,CWE-195,Signed to Unsigned Conversion Error,True,False,False,False,"<?xml version=""1.0""?> <rule version=""1"">   <pattern>int \w+ = -\d+ ; \w+ \( \w+ , \w+ , \2 \) ;</pattern>   <message>     <id>cwe_195</id>     <severity>warning</severity>     <summary>Signed to Unsigned Conversion Error: Negative number passed to function expecting unsigned.</summary>   </message> </rule>"
meta-llama-3.1-8b-instruct,0.0,512,CWE-131,Incorrect Calculation of Buffer Size,True,True,False,False,"<?xml version=""1.0""?> <rule version=""1"">   <pattern>malloc\(strlen\(\w+\)\)strcpy \( \w+ , \w+ \)</pattern>   <message>     <id>cwe_131</id>     <severity>warning</severity>     <summary>Incorrect calculation of buffer size: malloc(strlen(s)) without +1 for null terminator.</summary>   </message> </rule>"
meta-llama-3.1-8b-instruct,0.0,512,CWE-170,Improper Null Termination,True,True,False,False,"<?xml version=""1.0""?> <rule version=""1"">   <pattern>strncpy\( \w+ , \w+ , \d+\) .* sizeof\(\w+\)</pattern>   <message>     <id>cwe_170</id>     <severity>warning</severity>     <summary>Improper null termination using strncpy without explicit null terminator.</summary>   </message> </rule>"
meta-llama-3.1-8b-instruct,0.0,512,CWE-129,Improper Validation of Array Index,True,True,False,False,"<?xml version=""1.0""?> <rule version=""1"">   <pattern>int\s*\*\s*\w+\s*\[\s*\w+\s*\]</pattern>   <message>     <id>cwe_129</id>     <severity>warning</severity>     <summary>Improper Validation of Array Index</summary>   </message> </rule>"
meta-llama-3.1-8b-instruct,0.0,512,CWE-121,Stack-based Buffer Overflow,True,True,False,False,"<?xml version=""1.0""?> <rule version=""1"">   <pattern>strcpy \( \w+ , \w+ \) .* \(\d+\)</pattern>   <message>     <id>cwe_121</id>     <severity>warning</severity>     <summary>Stack-based buffer overflow due to strcpy.</summary>   </message> </rule>"
meta-llama-3.1-8b-instruct,0.0,512,CWE-122,Heap-based Buffer Overflow,True,True,False,False,"<?xml version=""1.0""?> <rule version=""1"">   <pattern>strcpy\( \w+ , &quot;.*&quot;{8,} \)</pattern>   <message>     <id>cwe_122</id>     <severity>warning</severity>     <summary>Heap-based Buffer Overflow: strcpy into a buffer smaller than the source string.</summary>   </message> </rule>"
meta-llama-3.1-8b-instruct,0.0,512,CWE-126,Buffer Over-read,True,False,False,False,"<?xml version=""1.0""?> <rule version=""1"">   <pattern>strlen \( \w+ \[ \w+\] )\s*;\s*(?!.*\w+\[\w+\]\0)</pattern>   <message>     <id>cwe_126</id>     <severity>warning</severity>     <summary>Buffer over-read through strlen on non-null-terminated array.</summary>   </message> </rule>"
meta-llama-3.1-8b-instruct,0.0,512,CWE-665,Improper Initialization,True,False,False,False,"<?xml version=""1.0""?> <rule version=""1"">   <pattern>struct \w+ { \w+ ; \w+ ; } ; \s* int \w+ \( \) \{ struct \w+ p ; \s* (\w+)\.\w+\s*= \d+ ; .* \2\s*\.\s*\w+\s*;</pattern>   <message>     <id>cwe_665</id>     <severity>warning</severity>     <summary>Improper initialization of struct fields.</summary>   </message> </rule>"
meta-llama-3.1-8b-instruct,0.0,512,CWE-688,Function Call With Incorrect Variable as Argument,True,True,False,False,"<?xml version=""1.0""?> <rule version=""1"">   <pattern>free \( (\w+) \) .* &amp; \1</pattern>   <message>     <id>cwe_688</id>     <severity>warning</severity>     <summary>Function call with incorrect variable as argument (CWE-688)</summary>   </message> </rule>"
meta-llama-3.1-8b-instruct,0.0,512,CWE-468,Incorrect Pointer Scaling,True,True,False,False,"<?xml version=""1.0""?> <rule version=""1"">   <pattern>int\s*\*\s*p\s*=\s*arr\s+\+sizeof\(\w+\)\*\d+</pattern>   <message>     <id>cwe_468</id>     <severity>warning</severity>     <summary>CWE-468: Incorrect Pointer Scaling. Adding sizeof to pointer arithmetic.</summary>   </message> </rule>"
meta-llama-3.1-8b-instruct,0.0,512,CWE-761,Free of Pointer not at Start of Buffer,True,True,False,False,"<?xml version=""1.0""?> <rule version=""1"">   <pattern>free \( (\w+) \) .* \* \1</pattern>   <message>     <id>cwe_761</id>     <severity>warning</severity>     <summary>Free of Pointer not at Start of Buffer</summary>   </message> </rule>"
meta-llama-3.1-8b-instruct,0.0,512,CWE-805,Buffer Access with Incorrect Length Value,True,True,True,False,"<?xml version=""1.0""?> <rule version=""1"">   <pattern>memcpy \( \w+ , \w+ , sizeof \( (\w+) \) \)</pattern>   <message>     <id>cwe_805</id>     <severity>warning</severity>     <summary>Buffer Access with Incorrect Length Value: Using sizeof on a pointer instead of the actual buffer size.</summary>   </message> </rule>"
meta-llama-3.1-8b-instruct,0.0,512,CWE-908,Use of Uninitialized Resource,True,True,False,False,"<?xml version=""1.0""?> <rule version=""1"">   <pattern>f \w+ ;.*fread \( .* , f \)</pattern>   <message>     <id>cwe_908</id>     <severity>warning</severity>     <summary>Use of uninitialized resource (FILE*) before reading from it.</summary>   </message> </rule>"
meta-llama-3.1-8b-instruct,0.0,512,CWE-676,Use of Potentially Dangerous Function,True,True,True,False,"<?xml version=""1.0""?> <rule version=""1"">   <pattern>sprintf \( \w+ , .* \)</pattern>   <message>     <id>cwe_676</id>     <severity>warning</severity>     <summary>Use of sprintf without buffer size control.</summary>   </message> </rule>"
meta-llama-3.1-8b-instruct,0.3,256,CWE-476,NULL Pointer Dereference,True,True,False,False,"<?xml version=""1.0""?> <rule version=""1"">   <pattern>return \* \( \w+ \) ;</pattern>   <message>     <id>cwe_476</id>     <severity>warning</severity>     <summary>NULL Pointer Dereference</summary>   </message> </rule>"
meta-llama-3.1-8b-instruct,0.3,256,CWE-787,Out-of-Bounds Write,True,True,False,False,"<?xml version=""1.0""?> <rule version=""1"">   <pattern>strcpy\( \w+ , \w+\)</pattern>   <message>     <id>cwe_787</id>     <severity>warning</severity>     <summary>Out-of-bounds write due to strcpy without length check.</summary>   </message> </rule>"
meta-llama-3.1-8b-instruct,0.3,256,CWE-416,Use After Free,True,True,True,False,"<?xml version=""1.0""?> <rule version=""1"">   <pattern>free \( (\w+) \) .* \* \1</pattern>   <message>     <id>cwe_416</id>     <severity>warning</severity>     <summary>Use After Free: free() called on pointer that is still used.</summary>   </message> </rule>"
meta-llama-3.1-8b-instruct,0.3,256,CWE-401,Memory Leak,True,True,False,False,"<?xml version=""1.0""?> <rule version=""1"">   <pattern>malloc\( \w+ .* \(?!.* free\(\)\)</pattern>   <message>     <id>cwe_401</id>     <severity>warning</severity>     <summary>Malloc without corresponding free call.</summary>   </message> </rule>"
meta-llama-3.1-8b-instruct,0.3,256,CWE-415,Double Free,True,True,False,False,"<?xml version=""1.0""?> <rule version=""1"">   <pattern>free \( (\w+) \) .* free \(\1\)</pattern>   <message>     <id>cwe_415</id>     <severity>warning</severity>     <summary>Double free detected, potential memory corruption.</summary>   </message> </rule>"
meta-llama-3.1-8b-instruct,0.3,256,CWE-190,Integer Overflow,True,True,True,False,"<?xml version=""1.0""?> <rule version=""1"">   <pattern>return \w+ \+ \w+ ;</pattern>   <message>     <id>cwe_190</id>     <severity>warning</severity>     <summary>Integer overflow due to addition of large numbers.</summary>   </message> </rule>"
meta-llama-3.1-8b-instruct,0.3,256,CWE-457,Use of Uninitialized Variable,True,False,False,False,"<?xml version=""1.0""?> <rule version=""1"">   <pattern>int\s+\w+\s*=\s*\1;</pattern>   <message>     <id>cwe_457</id>     <severity>warning</severity>     <summary>Uninitialized variable used before assignment.</summary>   </message> </rule>"
meta-llama-3.1-8b-instruct,0.3,256,CWE-125,Out-of-Bounds Read,True,True,False,False,"<?xml version=""1.0""?> <rule version=""1"">   <pattern>int\s*\w+\s*=\s*(\d+)\s*+.*\s*\[\s*\1\s*\]</pattern>   <message>     <id>cwe_125</id>     <severity>warning</severity>     <summary>Out-of-bounds read due to array index calculation error.</summary>   </message> </rule>"
meta-llama-3.1-8b-instruct,0.3,256,CWE-242,Use of Inherently Dangerous Function,True,True,True,False,"<?xml version=""1.0""?> <rule version=""1"">   <pattern>gets\s*\(\s*[^\(]+\s*\)</pattern>   <message>     <id>cwe_242</id>     <severity>warning</severity>     <summary>Use of inherently dangerous function gets()</summary>   </message> </rule>"
meta-llama-3.1-8b-instruct,0.3,256,CWE-134,Use of Externally-Controlled Format String,True,True,False,False,"<?xml version=""1.0""?> <rule version=""1"">   <pattern>(printf|fprintf|sprintf|snprintf)\s*\([^)]+\%\w+\)</pattern>   <message>     <id>cwe_134</id>     <severity>warning</severity>     <summary>Use of Externally-Controlled Format String in printf function.</summary>   </message> </rule>"
meta-llama-3.1-8b-instruct,0.3,256,CWE-369,Divide By Zero,True,True,False,False,"<?xml version=""1.0""?> <rule version=""1"">   <pattern>\breturn \w+ / \d+\b</pattern>   <message>     <id>cwe_369</id>     <severity>warning</severity>     <summary>Divide by zero without check.</summary>   </message> </rule>"
meta-llama-3.1-8b-instruct,0.3,256,CWE-562,Return of Stack Variable Address,True,True,False,False,"<?xml version=""1.0""?> <rule version=""1"">   <pattern>&quot;return &amp; \w+ ;&quot;</pattern>   <message>     <id>cwe_562</id>     <severity>warning</severity>     <summary>Return of Stack Variable Address</summary>   </message> </rule>"
meta-llama-3.1-8b-instruct,0.3,256,CWE-690,Unchecked Return Value to NULL Pointer Dereference,True,True,False,False,"<?xml version=""1.0""?> <rule version=""1"">   <pattern>malloc \( .* \) (?!.* free \() \w+\[ \d+ \]</pattern>   <message>     <id>cwe_690</id>     <severity>warning</severity>     <summary>Unchecked return value to NULL pointer dereference.</summary>   </message> </rule>"
meta-llama-3.1-8b-instruct,0.3,256,CWE-252,Unchecked Return Value,True,False,False,False,"<?xml version=""1.0""?> <rule version=""1"">   <pattern>fread \( \w+ , \d+ , sizeof \( \w+ \) , ( \w+ ) \);.*\2 == NULL</pattern>   <message>     <id>cwe_252</id>     <severity>warning</severity>     <summary>Unchecked return value of fread function.</summary>   </message> </rule>"
meta-llama-3.1-8b-instruct,0.3,256,CWE-191,Integer Underflow,True,False,False,False,"<?xml version=""1.0""?> <rule version=""1"">   <pattern>return \w+ - \w+(?!.*if \( \2 &lt; \1 ));</pattern>   <message>     <id>cwe_191</id>     <severity>warning</severity>     <summary>Integer underflow detected.</summary>   </message> </rule>"
meta-llama-3.1-8b-instruct,0.3,256,CWE-197,Numeric Truncation Error,True,True,False,False,"<?xml version=""1.0""?> <rule version=""1"">   <pattern>char \w+\( int \w+ \) \{ char result ; result = \w+ ; return result ; \} .* printf \( &quot;%d\\n&quot; , \w+\( \w+ \) \)</pattern>   <message>     <id>cwe_197</id>     <severity>warning</severity>     <summary>Numeric truncation error: conversion of larger type to smaller without bounds check.</summary>   </message> </rule>"
meta-llama-3.1-8b-instruct,0.3,256,CWE-195,Signed to Unsigned Conversion Error,True,True,False,False,"<?xml version=""1.0""?> <rule version=""1"">   <pattern>int \w+ = -\d+ ; \w+ \( \w+ , \w+ , (\w+) \) ;</pattern>   <message>     <id>cwe_195</id>     <severity>warning</severity>     <summary>Unsigned value passed to function expecting signed integer.</summary>   </message> </rule>"
meta-llama-3.1-8b-instruct,0.3,256,CWE-131,Incorrect Calculation of Buffer Size,True,True,False,False,"<?xml version=""1.0""?> <rule version=""1"">   <pattern>malloc\(.*strlen\(\w+\)\).*strcpy \( \w+ , \w+ \)</pattern>   <message>     <id>cwe_131</id>     <severity>warning</severity>     <summary>Incorrect calculation of buffer size: malloc(strlen(s)) without +1 for null terminator.</summary>   </message> </rule>"
meta-llama-3.1-8b-instruct,0.3,256,CWE-170,Improper Null Termination,True,True,False,False,"<?xml version=""1.0""?> <rule version=""1"">   <pattern>strncpy\( \w+ , \w+ , \d+\) .* sizeof\(\w+\)</pattern>   <message>     <id>cwe_170</id>     <severity>warning</severity>     <summary>Improper null termination using strncpy without explicit null terminator.</summary>   </message> </rule>"
meta-llama-3.1-8b-instruct,0.3,256,CWE-129,Improper Validation of Array Index,True,True,True,True,"<?xml version=""1.0""?> <rule version=""1"">   <pattern>\s*arr\s*\[\s*\w+\s*\]\s*</pattern>   <message>     <id>cwe_129</id>     <severity>warning</severity>     <summary>Improper Validation of Array Index</summary>   </message> </rule>"
meta-llama-3.1-8b-instruct,0.3,256,CWE-121,Stack-based Buffer Overflow,True,True,False,False,"<?xml version=""1.0""?> <rule version=""1"">   <pattern>strcpy \( \w+ , \w+ \) .* \(\d+\)</pattern>   <message>     <id>cwe_121</id>     <severity>warning</severity>     <summary>Stack-based buffer overflow due to strcpy with no bounds checking.</summary>   </message> </rule>"
meta-llama-3.1-8b-instruct,0.3,256,CWE-122,Heap-based Buffer Overflow,True,True,False,False,"<?xml version=""1.0""?> <rule version=""1"">   <pattern>strcpy\( \w+ , &quot;.*A{16}&quot; \)</pattern>   <message>     <id>cwe_122</id>     <severity>warning</severity>     <summary>Heap-based Buffer Overflow due to strcpy beyond allocated buffer size.</summary>   </message> </rule>"
meta-llama-3.1-8b-instruct,0.3,256,CWE-126,Buffer Over-read,True,False,False,False,"<?xml version=""1.0""?> <rule version=""1"">   <pattern>strlen \( \w+ \[ .*? \] ) ;</pattern>   <message>     <id>cwe_126</id>     <severity>warning</severity>     <summary>Buffer over-read through strlen on non-null-terminated array.</summary>   </message> </rule>"
meta-llama-3.1-8b-instruct,0.3,256,CWE-665,Improper Initialization,True,False,False,False,"<?xml version=""1.0""?> <rule version=""1"">   <pattern>struct \w+ { \w+ ; \w+ ; } ; \s* int \w+ \( \) \{ \s* struct \w+ \w+ ; \s* \1\.\w+\s*= \d+ ; .* \1\.\w+\s*\+\s*\w+\( \s*&quot;printf&quot; \s*\(\s*.*,\s*\1\.\w+\s*,\s*\1\.\w+\s*\)\s*; \s*return\s* 0\s*;\s* \}</pattern>   <message>     <id>cwe_665</id>     <severity>warning</severity>     <summary>Improper initialization of struct fields.</summary>   </message> </rule>"
meta-llama-3.1-8b-instruct,0.3,256,CWE-688,Function Call With Incorrect Variable as Argument,True,True,False,False,"<?xml version=""1.0""?> <rule version=""1"">   <pattern>free \( (\w+) \) .* &amp; \1</pattern>   <message>     <id>cwe_688</id>     <severity>warning</severity>     <summary>Function call with incorrect variable as argument.</summary>   </message> </rule>"
meta-llama-3.1-8b-instruct,0.3,256,CWE-468,Incorrect Pointer Scaling,True,True,False,False,"<?xml version=""1.0""?> <rule version=""1"">   <pattern>int\s*\*.*\s+=.*\+\s*sizeof\s*\(\w+\)\s*;.*sizeof\s*\(\w+\)</pattern>   <message>     <id>cwe_468</id>     <severity>warning</severity>     <summary>Incorrect pointer scaling. CWE-468.</summary>   </message> </rule>"
meta-llama-3.1-8b-instruct,0.3,256,CWE-761,Free of Pointer not at Start of Buffer,True,False,False,False,"<?xml version=""1.0""?> <rule version=""1"">   <pattern>free \(\w+\) .* \* \1</pattern>   <message>     <id>cwe_761</id>     <severity>warning</severity>     <summary>Free of Pointer not at Start of Buffer</summary>   </message> </rule>"
meta-llama-3.1-8b-instruct,0.3,256,CWE-805,Buffer Access with Incorrect Length Value,True,True,False,False,"<?xml version=""1.0""?> <rule version=""1"">   <pattern>memcpy\( \w+ , \w+ , sizeof \( (\w+) \) \)</pattern>   <message>     <id>cwe_805</id>     <severity>warning</severity>     <summary>Buffer Access with Incorrect Length Value: using sizeof on a pointer instead of the real buffer size.</summary>   </message> </rule>"
meta-llama-3.1-8b-instruct,0.3,256,CWE-908,Use of Uninitialized Resource,True,True,False,False,"<?xml version=""1.0""?> <rule version=""1"">   <pattern>f \( \w+ \);.*\b(fread|fopen)\(.*,\w+\)</pattern>   <message>     <id>cwe_908</id>     <severity>warning</severity>     <summary>Use of uninitialized resource (FILE*, descriptor) before checking fopen.</summary>   </message> </rule>"
meta-llama-3.1-8b-instruct,0.3,256,CWE-676,Use of Potentially Dangerous Function,True,True,True,False,"<?xml version=""1.0""?> <rule version=""1"">   <pattern>sprintf \( \w+ , .* \)</pattern>   <message>     <id>cwe_676</id>     <severity>warning</severity>     <summary>Use of potentially dangerous function sprintf without buffer size control.</summary>   </message> </rule>"
meta-llama-3.1-8b-instruct,0.3,512,CWE-476,NULL Pointer Dereference,True,True,False,False,"<?xml version=""1.0""?> <rule version=""1"">   <pattern>return \* ( NULL ) ;</pattern>   <message>     <id>cwe_476</id>     <severity>warning</severity>     <summary>NULL Pointer Dereference</summary>   </message> </rule>"
meta-llama-3.1-8b-instruct,0.3,512,CWE-787,Out-of-Bounds Write,True,True,False,False,"<?xml version=""1.0""?> <rule version=""1"">   <pattern>strcpy \( \w+ , \w+ \) .* \w\+\[\d+\] ;</pattern>   <message>     <id>cwe_787</id>     <severity>warning</severity>     <summary>Out-of-bounds write due to strcpy without buffer length check.</summary>   </message> </rule>"
meta-llama-3.1-8b-instruct,0.3,512,CWE-416,Use After Free,True,False,False,False,"<?xml version=""1.0""?> <rule version=""1"">   <pattern>free \( \w+ \) .* \* \1</pattern>   <message>     <id>cwe_416</id>     <severity>warning</severity>     <summary>Use after free detected: accessing memory after it has been freed.</summary>   </message> </rule>"
meta-llama-3.1-8b-instruct,0.3,512,CWE-401,Memory Leak,True,True,True,True,"<?xml version=""1.0""?> <rule version=""1"">   <pattern>malloc \( .* \) (?!.* free \()</pattern>   <message>     <id>cwe_401</id>     <severity>warning</severity>     <summary>Memory leak due to unallocated memory.</summary>   </message> </rule>"
meta-llama-3.1-8b-instruct,0.3,512,CWE-415,Double Free,True,True,False,False,"<?xml version=""1.0""?> <rule version=""1"">   <pattern>free \( (\w+) \) .* free \( \1 \)</pattern>   <message>     <id>cwe_415</id>     <severity>warning</severity>     <summary>Double free of same pointer</summary>   </message> </rule>"
meta-llama-3.1-8b-instruct,0.3,512,CWE-190,Integer Overflow,True,True,True,False,"<?xml version=""1.0""?> <rule version=""1"">   <pattern>return \w+ \+ \w+</pattern>   <message>     <id>cwe_190</id>     <severity>warning</severity>     <summary>Integer overflow due to unchecked addition.</summary>   </message> </rule>"
meta-llama-3.1-8b-instruct,0.3,512,CWE-457,Use of Uninitialized Variable,True,False,False,False,"<?xml version=""1.0""?> <rule version=""1"">   <pattern>int \w+ ;\s*\w+\([^)]+\)\s*{[^}]*result\s*=\s*\1;</pattern>   <message>     <id>cwe_457</id>     <severity>warning</severity>     <summary>Use of Uninitialized Variable</summary>   </message> </rule>"
meta-llama-3.1-8b-instruct,0.3,512,CWE-125,Out-of-Bounds Read,True,True,False,False,"<?xml version=""1.0""?> <rule version=""1"">   <pattern>\w+\[ \w+ \]\[\s*\d+\s*=\s*\d+\]</pattern>   <message>     <id>cwe_125</id>     <severity>warning</severity>     <summary>Out-of-bounds read: array index is calculated and used directly.</summary>   </message> </rule>"
meta-llama-3.1-8b-instruct,0.3,512,CWE-242,Use of Inherently Dangerous Function,True,True,False,False,"<?xml version=""1.0""?> <rule version=""1"">   <pattern>gets\( \w+ \)</pattern>   <message>     <id>cwe_242</id>     <severity>warning</severity>     <summary>Use of inherently dangerous function gets()</summary>   </message> </rule>"
meta-llama-3.1-8b-instruct,0.3,512,CWE-134,Use of Externally-Controlled Format String,True,True,False,False,"<?xml version=""1.0""?> <rule version=""1"">   <pattern>\w+ \(\s*printf\s*\([^)]%\w+\s*[%x%n]\s*\)\s*\)</pattern>   <message>     <id>cwe_134</id>     <severity>warning</severity>     <summary>Use of Externally-Controlled Format String in printf function.</summary>   </message> </rule>"
meta-llama-3.1-8b-instruct,0.3,512,CWE-369,Divide By Zero,True,True,True,True,"<?xml version=""1.0""?> <rule version=""1"">   <pattern>return \w+ / \w+</pattern>   <message>     <id>cwe_369</id>     <severity>warning</severity>     <summary>Division by zero without check.</summary>   </message> </rule>"
meta-llama-3.1-8b-instruct,0.3,512,CWE-562,Return of Stack Variable Address,True,True,True,False,"<?xml version=""1.0""?> <rule version=""1"">   <pattern>\breturn\s&amp;\s\w+\b</pattern>   <message>     <id>cwe_562</id>     <severity>warning</severity>     <summary>Return of stack variable address.</summary>   </message> </rule>"
meta-llama-3.1-8b-instruct,0.3,512,CWE-690,Unchecked Return Value to NULL Pointer Dereference,True,True,False,False,"<?xml version=""1.0""?> <rule version=""1"">   <pattern>malloc\s*\([^)]+\)\s*[^\*]*\*</pattern>   <message>     <id>cwe_690</id>     <severity>warning</severity>     <summary>Unchecked return value to NULL pointer dereference.</summary>   </message> </rule>"
meta-llama-3.1-8b-instruct,0.3,512,CWE-252,Unchecked Return Value,True,False,False,False,"<?xml version=""1.0""?> <rule version=""1"">   <pattern>fread \( \w+ , \d+ , sizeof \( \w+ \) , (\w+) \);.*\2 == NULL</pattern>   <message>     <id>cwe_252</id>     <severity>warning</severity>     <summary>Unchecked return value of fread.</summary>   </message> </rule>"
meta-llama-3.1-8b-instruct,0.3,512,CWE-191,Integer Underflow,True,True,True,True,"<?xml version=""1.0""?> <rule version=""1"">   <pattern>return \w+ - \w+</pattern>   <message>     <id>cwe_191</id>     <severity>warning</severity>     <summary>Integer Underflow due to unsigned type subtraction.</summary>   </message> </rule>"
meta-llama-3.1-8b-instruct,0.3,512,CWE-197,Numeric Truncation Error,True,True,False,False,"<?xml version=""1.0""?> <rule version=""1"">   <pattern>int\s*\w+\s*=\s*(\d+);.*return\s*\1;</pattern>   <message>     <id>cwe_197</id>     <severity>warning</severity>     <summary>Numeric truncation error: assignment without range check.</summary>   </message> </rule>"
meta-llama-3.1-8b-instruct,0.3,512,CWE-195,Signed to Unsigned Conversion Error,True,True,False,False,"<?xml version=""1.0""?> <rule version=""1"">   <pattern>int \w+ = -\d+ ; \w+\( \w+, \w+, (\w+) \);</pattern>   <message>     <id>cwe_195</id>     <severity>warning</severity>     <summary>Signed to unsigned conversion error.</summary>   </message> </rule>"
meta-llama-3.1-8b-instruct,0.3,512,CWE-131,Incorrect Calculation of Buffer Size,True,True,False,False,"<?xml version=""1.0""?> <rule version=""1"">   <pattern>malloc \( strlen \(\w+\) \) .* strcpy \( \w+ , \w+ \)</pattern>   <message>     <id>cwe_131</id>     <severity>warning</severity>     <summary>Incorrect Calculation of Buffer Size: malloc without +1 for null terminator.</summary>   </message> </rule>"
meta-llama-3.1-8b-instruct,0.3,512,CWE-170,Improper Null Termination,True,True,False,False,"<?xml version=""1.0""?> <rule version=""1"">   <pattern>strncpy \( \w+ , \w+ , \d+ \) .* sizeof \( \w+ \) - 1</pattern>   <message>     <id>cwe_170</id>     <severity>warning</severity>     <summary>Improper Null Termination: strncpy without explicit null terminator.</summary>   </message> </rule>"
meta-llama-3.1-8b-instruct,0.3,512,CWE-129,Improper Validation of Array Index,True,True,False,False,"<?xml version=""1.0""?> <rule version=""1"">   <pattern>\w+\[\s*\d+\s*\]</pattern>   <message>     <id>cwe_129</id>     <severity>warning</severity>     <summary>Improper validation of array index.</summary>   </message> </rule>"
meta-llama-3.1-8b-instruct,0.3,512,CWE-121,Stack-based Buffer Overflow,True,True,False,False,"<?xml version=""1.0""?> <rule version=""1"">   <pattern>strcpy \( \w+ , \w+ \) .* strcpy \( \w+ , \w+ \)</pattern>   <message>     <id>cwe_121</id>     <severity>warning</severity>     <summary>Stack-based buffer overflow due to strcpy.</summary>   </message> </rule>"
meta-llama-3.1-8b-instruct,0.3,512,CWE-122,Heap-based Buffer Overflow,True,True,True,False,"<?xml version=""1.0""?> <rule version=""1"">   <pattern>strcpy \( \w+ , &quot;.*&quot; \) .* free \( \w+ \)</pattern>   <message>     <id>cwe_122</id>     <severity>warning</severity>     <summary>Heap-based Buffer Overflow: strcpy into a buffer that is too small.</summary>   </message> </rule>"
meta-llama-3.1-8b-instruct,0.3,512,CWE-126,Buffer Over-read,True,True,False,False,"<?xml version=""1.0""?> <rule version=""1"">   <pattern>strlen \(\w+\) .* \w+ = strlen \( \w+ \)</pattern>   <message>     <id>cwe_126</id>     <severity>warning</severity>     <summary>Buffer over-read through string functions like strlen on non-null-terminated array.</summary>   </message> </rule>"
meta-llama-3.1-8b-instruct,0.3,512,CWE-665,Improper Initialization,True,True,False,False,"<?xml version=""1.0""?> <rule version=""1"">   <pattern>struct \w+ {.*} ;\s*int\s+\w+\(\)\s*\{.*\}\s*\.\s*\w+\s*=.*\s*(?!.*=.*;)</pattern>   <message>     <id>cwe_665</id>     <severity>warning</severity>     <summary>Improper Initialization of struct fields.</summary>   </message> </rule>"
meta-llama-3.1-8b-instruct,0.3,512,CWE-688,Function Call With Incorrect Variable as Argument,True,True,False,False,"<?xml version=""1.0""?> <rule version=""1"">   <pattern>free \( (\w+) \) .* \* \1</pattern>   <message>     <id>cwe_688</id>     <severity>warning</severity>     <summary>Function call with incorrect variable as argument</summary>   </message> </rule>"
meta-llama-3.1-8b-instruct,0.3,512,CWE-468,Incorrect Pointer Scaling,True,True,False,False,"<?xml version=""1.0""?> <rule version=""1"">   <pattern>\s*int\s*\*\s*p\s*=\s*arr\s+\+.*sizeof\(\w+\).*\d+</pattern>   <message>     <id>cwe_468</id>     <severity>warning</severity>     <summary>Incorrect pointer scaling: sizeof used instead of just number.</summary>   </message> </rule>"
meta-llama-3.1-8b-instruct,0.3,512,CWE-761,Free of Pointer not at Start of Buffer,True,True,False,False,"<?xml version=""1.0""?> <rule version=""1"">   <pattern>free \( (\w+) \) .* \* \1</pattern>   <message>     <id>cwe_761</id>     <severity>warning</severity>     <summary>Free of Pointer not at Start of Buffer</summary>   </message> </rule>"
meta-llama-3.1-8b-instruct,0.3,512,CWE-805,Buffer Access with Incorrect Length Value,True,True,True,False,"<?xml version=""1.0""?> <rule version=""1"">   <pattern>memcpy \( \w+ , \w+ , sizeof \( (\w+) \) \)</pattern>   <message>     <id>cwe_805</id>     <severity>warning</severity>     <summary>Buffer Access with Incorrect Length Value</summary>   </message> </rule>"
meta-llama-3.1-8b-instruct,0.3,512,CWE-908,Use of Uninitialized Resource,True,True,False,False,"<?xml version=""1.0""?> <rule version=""1"">   <pattern>f \w+ \( .* \) .* fread \( .* , .* , .* , f \)</pattern>   <message>     <id>cwe_908</id>     <severity>warning</severity>     <summary>Use of Uninitialized Resource (FILE*)</summary>   </message> </rule>"
meta-llama-3.1-8b-instruct,0.3,512,CWE-676,Use of Potentially Dangerous Function,True,True,False,False,"<?xml version=""1.0""?> <rule version=""1"">   <pattern>sprintf\( \w+ , .* \)</pattern>   <message>     <id>cwe_676</id>     <severity>warning</severity>     <summary>Use of sprintf without buffer size control.</summary>   </message> </rule>"
meta-llama-3.1-8b-instruct,0.7,256,CWE-476,NULL Pointer Dereference,True,True,True,True,"<?xml version=""1.0""?> <rule version=""1"">   <pattern>(return \* (\w+))\s*(?!;)</pattern>   <message>     <id>cwe_476</id>     <severity>warning</severity>     <summary>NULL Pointer Dereference: Returning dereferenced pointer without checking for NULL.</summary>   </message> </rule>"
meta-llama-3.1-8b-instruct,0.7,256,CWE-787,Out-of-Bounds Write,True,True,False,False,"<?xml version=""1.0""?> <rule version=""1"">   <pattern>strcpy \( \w+ , \w+ \) !strncpy \( \w+ , \w+ , (\d+) \)</pattern>   <message>     <id>cwe_787</id>     <severity>warning</severity>     <summary>Out-of-bounds write using strcpy without length check.</summary>   </message> </rule>"
meta-llama-3.1-8b-instruct,0.7,256,CWE-416,Use After Free,True,True,True,False,"<?xml version=""1.0""?> <rule version=""1"">   <pattern>free \( (\w+) \) .* \* \1</pattern>   <message>     <id>cwe_416</id>     <severity>warning</severity>     <summary>Use after free: accessed memory after calling free(). This can lead to undefined behavior and possible execution of arbitrary code.</summary>   </message> </rule>"
meta-llama-3.1-8b-instruct,0.7,256,CWE-401,Memory Leak,True,True,False,False,"<?xml version=""1.0""?> <rule version=""1"">   <pattern>malloc\( .* \) (?!.* free \()</pattern>   <message>     <id>cwe_401</id>     <severity>warning</severity>     <summary>Memory Leak: malloc not followed by free.</summary>   </message> </rule>"
meta-llama-3.1-8b-instruct,0.7,256,CWE-415,Double Free,True,True,False,False,"<?xml version=""1.0""?> <rule version=""1"">   <pattern>free\( \w+ \) .* free \( \w+ \)</pattern>   <message>     <id>cwe_415</id>     <severity>warning</severity>     <summary>Double Free: double free of a pointer.</summary>   </message> </rule>"
meta-llama-3.1-8b-instruct,0.7,256,CWE-190,Integer Overflow,True,True,False,False,"<?xml version=""1.0""?> <rule version=""1"">   <pattern>\w+\+ \w+(?!\s*for\s*\w+\s*=)</pattern>   <message>     <id>cwe_190</id>     <severity>warning</severity>     <summary>Integer Overflow: addition of two integers that can cause overflow.</summary>   </message> </rule>"
meta-llama-3.1-8b-instruct,0.7,256,CWE-457,Use of Uninitialized Variable,True,False,False,False,"<?xml version=""1.0""?> <rule version=""1"">   <pattern>int \w+ =;.*\bif\b\( \w+\ &gt; 0 \)\s*\{ \1\s*=\s*\w+ \* \2 ;\}</pattern>   <message>     <id>cwe_457</id>     <severity>warning</severity>     <summary>Use of Uninitialized Variable CWE-457</summary>   </message> </rule>"
meta-llama-3.1-8b-instruct,0.7,256,CWE-125,Out-of-Bounds Read,True,True,False,False,"<?xml version=""1.0""?> <rule version=""1"">   <pattern>int \w+ \( idx \) ;\s*idx = \d+;\s*(?:printf|return)\s*\(\s*\w+\[ idx \] \)</pattern>   <message>     <id>cwe_125</id>     <severity>warning</severity>     <summary>Out-of-bounds read: accessing array with index not within bounds.</summary>   </message> </rule>"
meta-llama-3.1-8b-instruct,0.7,256,CWE-242,Use of Inherently Dangerous Function,True,True,True,True,"<?xml version=""1.0""?> <rule version=""1"">   <pattern>gets \([^)]+\)</pattern>   <message>     <id>cwe_242</id>     <severity>warning</severity>     <summary>Use of inherently dangerous function gets()</summary>   </message> </rule>"
meta-llama-3.1-8b-instruct,0.7,256,CWE-134,Use of Externally-Controlled Format String,True,True,True,False,"<?xml version=""1.0""?> <rule version=""1"">   <pattern>%\w\s*%\w</pattern>   <message>     <id>cwe_134</id>     <severity>warning</severity>     <summary>Use of Externally-Controlled Format String</summary>   </message> </rule>"
meta-llama-3.1-8b-instruct,0.7,256,CWE-369,Divide By Zero,True,True,False,False,"<?xml version=""1.0""?> <rule version=""1"">   <pattern>return \w+ / \w+;</pattern>   <message>     <id>cwe_369</id>     <severity>warning</severity>     <summary>Divide by zero without check.</summary>   </message> </rule>"
meta-llama-3.1-8b-instruct,0.7,256,CWE-562,Return of Stack Variable Address,False,False,False,False,
meta-llama-3.1-8b-instruct,0.7,256,CWE-690,Unchecked Return Value to NULL Pointer Dereference,True,True,False,False,"<?xml version=""1.0""?> <rule version=""1"">   <pattern>malloc \( .* \) \([^)]+\)\s*\[*\]\s*=\s*\K[^;]+;</pattern>   <message>     <id>cwe_690</id>     <severity>warning</severity>     <summary>Unchecked return value to NULL pointer dereference.</summary>   </message> </rule>"
meta-llama-3.1-8b-instruct,0.7,256,CWE-252,Unchecked Return Value,True,True,False,False,"<?xml version=""1.0""?> <rule version=""1"">   <pattern>fread \( \w+ , \d+ , \d+ , (\w+) \) .* !\1.* ;</pattern>   <message>     <id>cwe_252</id>     <severity>warning</severity>     <summary>Unchecked return value of fread function.</summary>   </message> </rule>"
meta-llama-3.1-8b-instruct,0.7,256,CWE-191,Integer Underflow,True,True,False,False,"<?xml version=""1.0""?> <rule version=""1"">   <pattern>(?:(\d+)\s*-\s*(\d+))</pattern>   <message>     <id>cwe_191</id>     <severity>warning</severity>     <summary>Integer Underflow (CWE-191)</summary>   </message> </rule>"
meta-llama-3.1-8b-instruct,0.7,256,CWE-197,Numeric Truncation Error,True,True,False,False,"<?xml version=""1.0""?> <rule version=""1"">   <pattern>char\ \w+\ (\w+)\ (\w+)\ {(\w+)\ \w+ = \2 ; return \3 ;}\ \w+</pattern>   <message>     <id>cwe_197</id>     <severity>warning</severity>     <summary>Numeric truncation error: signed char to unsigned char without checking bounds.</summary>   </message> </rule>"
meta-llama-3.1-8b-instruct,0.7,256,CWE-195,Signed to Unsigned Conversion Error,True,True,True,True,"<?xml version=""1.0""?> <rule version=""1"">   <pattern>\w+\s*=\s*-\d+</pattern>   <message>     <id>cwe_195</id>     <severity>warning</severity>     <summary>Signed to unsigned conversion error.</summary>   </message> </rule>"
meta-llama-3.1-8b-instruct,0.7,256,CWE-131,Incorrect Calculation of Buffer Size,True,True,False,False,"<?xml version=""1.0""?> <rule version=""1"">   <pattern>malloc \( strlen \s* \( \w+ \) \) ;.*strcpy \( copy , \s* \w+ \)</pattern>   <message>     <id>cwe_131</id>     <severity>warning</severity>     <summary>CWE-131: Incorrect Calculation of Buffer Size. malloc without +1 for zero terminator.</summary>   </message> </rule>"
meta-llama-3.1-8b-instruct,0.7,256,CWE-170,Improper Null Termination,True,True,False,False,"<?xml version=""1.0""?> <rule version=""1"">   <pattern>strncpy \( \w+ , .*? , sizeof \( \w+ \) \) ;.*\w+\[ \d+ \] = NULL</pattern>   <message>     <id>cwe_170</id>     <severity>warning</severity>     <summary>Improper Null Termination: strncpy without explicit null-termination.</summary>   </message> </rule>"
meta-llama-3.1-8b-instruct,0.7,256,CWE-129,Improper Validation of Array Index,True,False,False,False,"<?xml version=""1.0""?> <rule version=""1"">   <pattern>int\s*\* arr\s*,\s*(\w+)\s*\[\s*\3\s+\d+\s*\]</pattern>   <message>     <id>cwe_129</id>     <severity>warning</severity>     <summary>Improper validation of array index.</summary>   </message> </rule>"
meta-llama-3.1-8b-instruct,0.7,256,CWE-121,Stack-based Buffer Overflow,True,True,False,False,"<?xml version=""1.0""?> <rule version=""1"">   <pattern>strcpy \( \w+ , \w+ \) .* strlen \( \w+ \) \( \w+ \)\(.*\)(?!strcpy \| strncpy)</pattern>   <message>     <id>cwe_121</id>     <severity>warning</severity>     <summary>Stack-based buffer overflow due to strcpy without bounds checking.</summary>   </message> </rule>"
meta-llama-3.1-8b-instruct,0.7,256,CWE-122,Heap-based Buffer Overflow,True,False,False,False,"<?xml version=""1.0""?> <rule version=""1"">   <pattern>strcpy\(\w+ , \w+\) .* strlen\(\w+ \)\; free\(\2 \)</pattern>   <message>     <id>cwe_122</id>     <severity>warning</severity>     <summary>Heap-based Buffer Overflow due to strcpy without bounds checking.</summary>   </message> </rule>"
meta-llama-3.1-8b-instruct,0.7,256,CWE-126,Buffer Over-read,True,True,True,True,"<?xml version=""1.0""?> <rule version=""1"">   <pattern>(strlen \( \w+ \) )\s*;\s*\w+</pattern>   <message>     <id>cwe_126</id>     <severity>warning</severity>     <summary>Buffer Over-read CWE-126 detected: strlen used on non-null-terminated array.</summary>   </message> </rule>"
meta-llama-3.1-8b-instruct,0.7,256,CWE-665,Improper Initialization,True,True,False,False,"<?xml version=""1.0""?> <rule version=""1"">   <pattern>struct \w+ { .*; } ;\s*\w+\s*=\s*{.*};</pattern>   <message>     <id>cwe_665</id>     <severity>warning</severity>     <summary>Improper initialization of struct members.</summary>   </message> </rule>"
meta-llama-3.1-8b-instruct,0.7,256,CWE-688,Function Call With Incorrect Variable as Argument,True,False,False,False,"<?xml version=""1.0""?> <rule version=""1"">   <pattern>free \(\w+\) ;.*\*\1</pattern>   <message>     <id>cwe_688</id>     <severity>warning</severity>     <summary>Function call with incorrect variable as argument.</summary>   </message> </rule>"
meta-llama-3.1-8b-instruct,0.7,256,CWE-468,Incorrect Pointer Scaling,True,True,False,False,"<?xml version=""1.0""?> <rule version=""1"">   <pattern>int\s*\*.*\s+=.*\+\s*([0-9]+).*sizeof\s*\([^)]+\)</pattern>   <message>     <id>cwe_468</id>     <severity>warning</severity>     <summary>Incorrect pointer scaling: sizeof(int) was used instead of simply using the number.</summary>   </message> </rule>"
meta-llama-3.1-8b-instruct,0.7,256,CWE-761,Free of Pointer not at Start of Buffer,True,True,False,False,"<?xml version=""1.0""?> <rule version=""1"">   <pattern>free \( (\w+) \) .* \* \1</pattern>   <message>     <id>cwe_761</id>     <severity>warning</severity>     <summary>Free of Pointer not at Start of Buffer. The free() call is on a pointer shifted relative to the beginning of the allocated block.</summary>   </message> </rule>"
meta-llama-3.1-8b-instruct,0.7,256,CWE-805,Buffer Access with Incorrect Length Value,True,True,True,False,"<?xml version=""1.0""?> <rule version=""1"">   <pattern>memcpy \( \w+ , \w+ , sizeof \( (\w+) \) \)</pattern>   <message>     <id>cwe_805</id>     <severity>warning</severity>     <summary>Buffer Access with Incorrect Length Value. Use correct buffer size instead of sizeof on pointer.</summary>   </message> </rule>"
meta-llama-3.1-8b-instruct,0.7,256,CWE-908,Use of Uninitialized Resource,True,True,False,False,"<?xml version=""1.0""?> <rule version=""1"">   <pattern>f \w+ ;\s+fread \(\s*\w+\s*,\s*.*,\s*sizeof \(\s*\w+\s*\),\s*f</pattern>   <message>     <id>cwe_908</id>     <severity>warning</severity>     <summary>Use of uninitialized FILE resource.</summary>   </message> </rule>"
meta-llama-3.1-8b-instruct,0.7,256,CWE-676,Use of Potentially Dangerous Function,True,True,False,False,"<?xml version=""1.0""?> <rule version=""1"">   <pattern>.*sprintf\(.*\).*(?!\s*snprintf).*;.*\w+\+ \w+</pattern>   <message>     <id>cwe_676</id>     <severity>warning</severity>     <summary>Use of potentially dangerous function sprintf without buffer size control.</summary>   </message> </rule>"
meta-llama-3.1-8b-instruct,0.7,512,CWE-476,NULL Pointer Dereference,True,True,False,False,"<?xml version=""1.0""?> <rule version=""1"">   <pattern>int\s*\*\s*p\s*=\s*NULL;\s*printf\s*\(\s*&quot;%.d\n&quot;,\s*\(p\)\s*\);</pattern>   <message>     <id>cwe_476</id>     <severity>warning</severity>     <summary>Dereferencing a null pointer may cause SIGSEGV or DoS.</summary>   </message> </rule>"
meta-llama-3.1-8b-instruct,0.7,512,CWE-787,Out-of-Bounds Write,True,True,False,False,"<?xml version=""1.0""?> <rule version=""1"">   <pattern>strcpy \( \w+ , \w+ \) .* \(\d+\s*\[\s*\d+\s*\]\)</pattern>   <message>     <id>cwe_787</id>     <severity>warning</severity>     <summary>Out-of-bounds write due to strcpy without buffer size check.</summary>   </message> </rule>"
meta-llama-3.1-8b-instruct,0.7,512,CWE-416,Use After Free,True,False,False,False,"<?xml version=""1.0""?> <rule version=""1"">   <pattern>free\( \w+ .* \*\1;.*printf \( \%d\n, * \1 \);</pattern>   <message>     <id>cwe_416</id>     <severity>warning</severity>     <summary>Use after free detected: accessing memory after it has been freed.</summary>   </message> </rule>"
meta-llama-3.1-8b-instruct,0.7,512,CWE-401,Memory Leak,True,True,False,False,"<?xml version=""1.0""?> <rule version=""1"">   <pattern>malloc\( .* \) (?!.* free \( \))</pattern>   <message>     <id>cwe_401</id>     <severity>warning</severity>     <summary>Memory leak: malloc call without matching free call.</summary>   </message> </rule>"
meta-llama-3.1-8b-instruct,0.7,512,CWE-415,Double Free,True,False,False,False,"<?xml version=""1.0""?> <rule version=""1"">   <pattern>free \w+ .* free \( \2 \)</pattern>   <message>     <id>cwe_415</id>     <severity>warning</severity>     <summary>Doubling of the free() call for one and the same pointer.</summary>   </message> </rule>"
meta-llama-3.1-8b-instruct,0.7,512,CWE-190,Integer Overflow,True,False,False,False,"<?xml version=""1.0""?> <rule version=""1"">   <pattern>int\s+\w+\s*\([^)]*\)\s*=\s*\w+\s*\*\s*\d+\s*;\s*(\w+)\s*=\s*\w+\s*\(\s*\w+\s*,\s*\w+\s*\);\s*\2\s*[+]\s*\1\s*</pattern>   <message>     <id>cwe_190</id>     <severity>warning</severity>     <summary>Integer Overflow due to lack of overflow check</summary>   </message> </rule>"
meta-llama-3.1-8b-instruct,0.7,512,CWE-457,Use of Uninitialized Variable,True,False,False,False,"<?xml version=""1.0""?> <rule version=""1"">   <pattern>int \w+; .* \w+ = \2;</pattern>   <message>     <id>cwe_457</id>     <severity>warning</severity>     <summary>Use of uninitialized variable.</summary>   </message> </rule>"
meta-llama-3.1-8b-instruct,0.7,512,CWE-125,Out-of-Bounds Read,True,True,False,False,"<?xml version=""1.0""?> <rule version=""1"">   <pattern>int \w+\[.*\]\[\s*\1\s*]=.*;.*arr\[(\d+)\].*</pattern>   <message>     <id>cwe_125</id>     <severity>warning</severity>     <summary>Out-of-bounds read</summary>   </message> </rule>"
meta-llama-3.1-8b-instruct,0.7,512,CWE-242,Use of Inherently Dangerous Function,True,True,True,False,"<?xml version=""1.0""?> <rule version=""1"">   <pattern>gets \( \w+ \) *</pattern>   <message>     <id>cwe_242</id>     <severity>warning</severity>     <summary>Use of inherently dangerous function gets()</summary>   </message> </rule>"
meta-llama-3.1-8b-instruct,0.7,512,CWE-134,Use of Externally-Controlled Format String,True,True,True,False,"<?xml version=""1.0""?> <rule version=""1"">   <pattern>%\w+ %\w+</pattern>   <message>     <id>cwe_134</id>     <severity>warning</severity>     <summary>Use of Externally-Controlled Format String in printf family functions.</summary>   </message> </rule>"
meta-llama-3.1-8b-instruct,0.7,512,CWE-369,Divide By Zero,True,True,True,True,"<?xml version=""1.0""?> <rule version=""1"">   <pattern>return \w+ / \w+</pattern>   <message>     <id>cwe_369</id>     <severity>warning</severity>     <summary>Divide by zero without check</summary>   </message> </rule>"
meta-llama-3.1-8b-instruct,0.7,512,CWE-562,Return of Stack Variable Address,True,True,False,False,"<?xml version=""1.0""?> <rule version=""1"">   <pattern>&quot;local&quot; \(\w+\)</pattern>   <message>     <id>cwe_562</id>     <severity>warning</severity>     <summary>Return of Stack Variable Address - returning address of local variable.</summary>   </message> </rule>"
meta-llama-3.1-8b-instruct,0.7,512,CWE-690,Unchecked Return Value to NULL Pointer Dereference,True,False,False,False,"<?xml version=""1.0""?> <rule version=""1"">   <pattern>malloc \( \w+ \) .* \* (?!.* if \(\s*\!\s*\1\s*=\s*NULL\s*\))</pattern>   <message>     <id>cwe_690</id>     <severity>warning</severity>     <summary>Unchecked return value to NULL pointer dereference.</summary>   </message> </rule>"
meta-llama-3.1-8b-instruct,0.7,512,CWE-252,Unchecked Return Value,True,True,False,False,"<?xml version=""1.0""?> <rule version=""1"">   <pattern>fread \( \w+ , 1 , sizeof \( \w+ \) , (\w+) \);.*\1 == NULL</pattern>   <message>     <id>cwe_252</id>     <severity>warning</severity>     <summary>Unchecked return value from fread or fopen.</summary>   </message> </rule>"
meta-llama-3.1-8b-instruct,0.7,512,CWE-191,Integer Underflow,True,True,False,False,"<?xml version=""1.0""?> <rule version=""1"">   <pattern>int\s*-\s*\d+</pattern>   <message>     <id>cwe_191</id>     <severity>warning</severity>     <summary>Integer underflow detected.</summary>   </message> </rule>"
meta-llama-3.1-8b-instruct,0.7,512,CWE-197,Numeric Truncation Error,True,True,False,False,"<?xml version=""1.0""?> <rule version=""1"">   <pattern>char\s+([^\s]+)\s*=\s*\d+\s*(?:\|:[\d-]+)?;</pattern>   <message>     <id>cwe_197</id>     <severity>warning</severity>     <summary>Numeric Truncation Error: Assignment of an integer value to a character without checking for overflow.</summary>   </message> </rule>"
meta-llama-3.1-8b-instruct,0.7,512,CWE-195,Signed to Unsigned Conversion Error,True,True,False,False,"<?xml version=""1.0""?> <rule version=""1"">   <pattern>\s*memcpy\s*\(\s*\w+\s*,\s*\w+\s*,\s*(-\d+)\s*\)</pattern>   <message>     <id>cwe_195</id>     <severity>warning</severity>     <summary>Unsigned conversion error in memcpy call.</summary>   </message> </rule>"
meta-llama-3.1-8b-instruct,0.7,512,CWE-131,Incorrect Calculation of Buffer Size,True,True,False,False,"<?xml version=""1.0""?> <rule version=""1"">   <pattern>malloc\(strlen\(\w+\)\)strcpy \( \w+ , \w+ \)</pattern>   <message>     <id>cwe_131</id>     <severity>warning</severity>     <summary>Incorrect calculation of buffer size: malloc without +1 for null terminator.</summary>   </message> </rule>"
meta-llama-3.1-8b-instruct,0.7,512,CWE-170,Improper Null Termination,True,True,False,False,"<?xml version=""1.0""?> <rule version=""1"">   <pattern>strncpy\( \w+ , \s* \w+ , \d+\) ;</pattern>   <message>     <id>cwe_170</id>     <severity>warning</severity>     <summary>Missing null-termination after using strncpy</summary>   </message> </rule>"
meta-llama-3.1-8b-instruct,0.7,512,CWE-129,Improper Validation of Array Index,True,True,False,False,"<?xml version=""1.0""?> <rule version=""1"">   <pattern>\w+\[\s*\w+\s*\]\s*(?!if\s*\(\s*|\w+==\s*)</pattern>   <message>     <id>cwe_129</id>     <severity>warning</severity>     <summary>Improper Validation of Array Index</summary>   </message> </rule>"
meta-llama-3.1-8b-instruct,0.7,512,CWE-121,Stack-based Buffer Overflow,True,True,False,False,"<?xml version=""1.0""?> <rule version=""1"">   <pattern>strcpy \(\w+ , \w+\) .* strlen\( \w+ \) \(.*\) &lt; sizeof \( \w+ \)</pattern>   <message>     <id>cwe_121</id>     <severity>warning</severity>     <summary>Stack-based buffer overflow. May overwrite return address and lead to execution of arbitrary code.</summary>   </message> </rule>"
meta-llama-3.1-8b-instruct,0.7,512,CWE-122,Heap-based Buffer Overflow,True,False,False,False,"<?xml version=""1.0""?> <rule version=""1"">   <pattern>strcpy\( \w+ , &quot;.*A{16}&quot;\) ; .* free \( \2 \)</pattern>   <message>     <id>cwe_122</id>     <severity>warning</severity>     <summary>Heap-based Buffer Overflow: strcpy into a buffer allocated with malloc without checking its size.</summary>   </message> </rule>"
meta-llama-3.1-8b-instruct,0.7,512,CWE-126,Buffer Over-read,True,True,False,False,"<?xml version=""1.0""?> <rule version=""1"">   <pattern>\w+ = { .*\.\* \} ;\s*strlen\s*\(\s*\w+\s*\)</pattern>   <message>     <id>cwe_126</id>     <severity>warning</severity>     <summary>Buffer over-read through strlen on non-null-terminated array.</summary>   </message> </rule>"
meta-llama-3.1-8b-instruct,0.7,512,CWE-665,Improper Initialization,True,True,False,False,"<?xml version=""1.0""?> <rule version=""1"">   <pattern>struct\s*\w+\s*{\s*\w+\s*=\s*\d+;.*\w+\s*=.*\w\.(\w+)\s*=\s*\d+</pattern>   <message>     <id>cwe_665</id>     <severity>warning</severity>     <summary>Improper initialization of struct field.</summary>   </message> </rule>"
meta-llama-3.1-8b-instruct,0.7,512,CWE-688,Function Call With Incorrect Variable as Argument,True,True,False,False,"<?xml version=""1.0""?> <rule version=""1"">   <pattern>free \( (\w+) \) .* \* \1</pattern>   <message>     <id>cwe_688</id>     <severity>warning</severity>     <summary>Function call with incorrect variable as argument (CWE-688)</summary>   </message> </rule>"
meta-llama-3.1-8b-instruct,0.7,512,CWE-468,Incorrect Pointer Scaling,True,True,False,False,"<?xml version=""1.0""?> <rule version=""1"">   <pattern>int\s*\*\s*p\s*=\s*arr\s*\+\s*(\d+)\s*.*sizeof\s*\(\w+\)\s*\1</pattern>   <message>     <id>cwe_468</id>     <severity>warning</severity>     <summary>CWE-468: Incorrect Pointer Scaling. Avoid using sizeof(type) with pointer arithmetic.</summary>   </message> </rule>"
meta-llama-3.1-8b-instruct,0.7,512,CWE-761,Free of Pointer not at Start of Buffer,True,True,False,False,"<?xml version=""1.0""?> <rule version=""1"">   <pattern>free\(\s*\w+\s*\+\s*\w+\)</pattern>   <message>     <id>cwe_761</id>     <severity>warning</severity>     <summary>Free of Pointer not at Start of Buffer</summary>   </message> </rule>"
meta-llama-3.1-8b-instruct,0.7,512,CWE-805,Buffer Access with Incorrect Length Value,True,True,False,False,"<?xml version=""1.0""?> <rule version=""1"">   <pattern>\w+ \(\s*sizeof\s*\(\s*\w+\s*\)\s*\)</pattern>   <message>     <id>cwe_805</id>     <severity>warning</severity>     <summary>Buffer access with incorrect length value using sizeof on pointer.</summary>   </message> </rule>"
meta-llama-3.1-8b-instruct,0.7,512,CWE-908,Use of Uninitialized Resource,True,True,False,False,"<?xml version=""1.0""?> <rule version=""1"">   <pattern>f \s+ \(.*\);.*\bfread\s*\(\s*\(.*\)\s*,</pattern>   <message>     <id>cwe_908</id>     <severity>warning</severity>     <summary>Use of uninitialized resource (FILE*) before it's correctly initialized.</summary>   </message> </rule>"
meta-llama-3.1-8b-instruct,0.7,512,CWE-676,Use of Potentially Dangerous Function,True,True,False,False,"<?xml version=""1.0""?> <rule version=""1"">   <pattern>.*sprintf\s*\([^)]+\)\s*,\s*[^,]+,\s*[^;]+;.*</pattern>   <message>     <id>cwe_676</id>     <severity>warning</severity>     <summary>Use of potentially dangerous sprintf function without buffer size control.</summary>   </message> </rule>"
mistral-7b-instruct-v0.1,0.0,256,CWE-476,NULL Pointer Dereference,True,True,False,False,"<?xml version=""1.0""?> <rule version=""1"">   <pattern>int \*p = NULL; (\w+) \* \1</pattern>   <message>     <id>cwe_476</id>     <severity>warning</severity>     <summary>NULL Pointer Dereference</summary>   </message> </rule>"
mistral-7b-instruct-v0.1,0.0,256,CWE-787,Out-of-Bounds Write,True,False,False,False,"<?xml version=""1.0""?> <rule version=""1"">   <pattern>strcpy\s*\(\s*[^\w]+\s*,\s*[^\w]+)\s*;</pattern>   <message>     <id>cwe_787</id>     <severity>warning</severity>     <summary>Out-of-Bounds Write (CWE-787)</summary>   </message> </rule>"
mistral-7b-instruct-v0.1,0.0,256,CWE-416,Use After Free,True,False,False,False,"<?xml version=""1.0""?> <rule version=""1"">   <pattern>free\( \w+ \) .* \* \1</pattern>   <message>     <id>cwe_416</id>     <severity>warning</severity>     <summary>Use After Free</summary>   </message> </rule>"
mistral-7b-instruct-v0.1,0.0,256,CWE-401,Memory Leak,True,True,False,False,"<?xml version=""1.0""?> <rule version=""1"">   <pattern>free\((\w+)\) .* \* (\1)</pattern>   <message>     <id>cwe_401</id>     <severity>warning</severity>     <summary>Memory Leak (CWE-401)</summary>   </message> </rule>"
mistral-7b-instruct-v0.1,0.0,256,CWE-415,Double Free,True,True,False,False,"<?xml version=""1.0""?> <rule version=""1"">   <pattern>free\((\w+)\) .* \* (\1)</pattern>   <message>     <id>cwe_415</id>     <severity>warning</severity>     <summary>Double Free</summary>   </message> </rule>"
mistral-7b-instruct-v0.1,0.0,256,CWE-190,Integer Overflow,True,False,False,False,"<?xml version=""1.0""?> <rule version=""1"">   <pattern>int \w+ \( \w+ , \w+ ) { return \w+ \+ \w+ ; }</pattern>   <message>     <id>cwe_190</id>     <severity>warning</severity>     <summary>Integer Overflow</summary>   </message> </rule>"
mistral-7b-instruct-v0.1,0.0,256,CWE-457,Use of Uninitialized Variable,True,True,False,False,"<?xml version=""1.0""?> <rule version=""1"">   <pattern>int \w+ \s* = \s* \w+ ;</pattern>   <message>     <id>cwe_457</id>     <severity>warning</severity>     <summary>Use of Uninitialized Variable (CWE-457)</summary>   </message> </rule>"
mistral-7b-instruct-v0.1,0.0,256,CWE-125,Out-of-Bounds Read,True,True,False,False,"<?xml version=""1.0""?> <rule version=""1"">   <pattern>arr\[\w+\]</pattern>   <message>     <id>cwe_125</id>     <severity>warning</severity>     <summary>Out-of-Bounds Read (CWE-125)</summary>   </message> </rule>"
mistral-7b-instruct-v0.1,0.0,256,CWE-242,Use of Inherently Dangerous Function,True,True,True,True,"<?xml version=""1.0""?> <rule version=""1"">   <pattern>get</pattern>   <message>     <id>cwe_242</id>     <severity>warning</severity>     <summary>Use of Inherently Dangerous Function</summary>   </message> </rule>"
mistral-7b-instruct-v0.1,0.0,256,CWE-134,Use of Externally-Controlled Format String,True,True,True,True,"<?xml version=""1.0""?> <rule version=""1"">   <pattern>(\w+) \* (\w+) (?!\w+ \*)</pattern>   <message>     <id>cwe_134</id>     <severity>warning</severity>     <summary>Use of Externally-Controlled Format String</summary>   </message> </rule>"
mistral-7b-instruct-v0.1,0.0,256,CWE-369,Divide By Zero,True,False,False,False,"<?xml version=""1.0""?> <rule version=""1"">   <pattern>int \w+ \( int \w+ , int \w+ ) { return \w+ / \w+ ; }</pattern>   <message>     <id>cwe_369</id>     <severity>warning</severity>     <summary>Divide By Zero</summary>   </message> </rule>"
mistral-7b-instruct-v0.1,0.0,256,CWE-562,Return of Stack Variable Address,True,True,True,True,"<?xml version=""1.0""?> <rule version=""1"">   <pattern>return \w+ ;</pattern>   <message>     <id>cwe_562</id>     <severity>warning</severity>     <summary>Return of Stack Variable Address (CWE-562)</summary>   </message> </rule>"
mistral-7b-instruct-v0.1,0.0,256,CWE-690,Unchecked Return Value to NULL Pointer Dereference,True,True,False,False,"<?xml version=""1.0""?> <rule version=""1"">   <pattern>free\((\w+)\) (?!.* free \()</pattern>   <message>     <id>cwe_690</id>     <severity>warning</severity>     <summary>Unchecked Return Value to NULL Pointer Dereference</summary>   </message> </rule>"
mistral-7b-instruct-v0.1,0.0,256,CWE-252,Unchecked Return Value,True,True,True,True,"<?xml version=""1.0""?> <rule version=""1"">   <pattern>return \w+ ;</pattern>   <message>     <id>cwe_252</id>     <severity>warning</severity>     <summary>Unchecked Return Value</summary>   </message> </rule>"
mistral-7b-instruct-v0.1,0.0,256,CWE-191,Integer Underflow,True,True,False,False,"<?xml version=""1.0""?> <rule version=""1"">   <pattern>int \w+ \* \w+ - \w+</pattern>   <message>     <id>cwe_191</id>     <severity>warning</severity>     <summary>Integer Underflow</summary>   </message> </rule>"
mistral-7b-instruct-v0.1,0.0,256,CWE-197,Numeric Truncation Error,True,True,False,False,"<?xml version=""1.0""?> <rule version=""1"">   <pattern>truncate_value\s*\(int\s*x\s*\)</pattern>   <message>     <id>cwe_197</id>     <severity>warning</severity>     <summary>Numeric Truncation Error</summary>   </message> </rule>"
mistral-7b-instruct-v0.1,0.0,256,CWE-195,Signed to Unsigned Conversion Error,True,True,False,False,"<?xml version=""1.0""?> <rule version=""1"">   <pattern>int \*p = NULL;|char dst [ \d_]+ ;|char src [ \d_]+ = &quot;.*&quot;;|int n = -1;</pattern>   <message>     <id>cwe_195</id>     <severity>warning</severity>     <summary>Signed to Unsigned Conversion Error</summary>   </message> </rule>"
mistral-7b-instruct-v0.1,0.0,256,CWE-131,Incorrect Calculation of Buffer Size,True,True,False,False,"<?xml version=""1.0""?> <rule version=""1"">   <pattern>malloc\(strlen\(\w+\)\)(\s*)?</pattern>   <message>     <id>cwe_131</id>     <severity>warning</severity>     <summary>Incorrect Calculation of Buffer Size: malloc(strlen(s)) without +1 for нулевой терминатор. Afterдующий strcpy запишет байт за пределы выделенной памяти.</summary>   </message> </rule>"
mistral-7b-instruct-v0.1,0.0,256,CWE-170,Improper Null Termination,True,False,False,False,"<?xml version=""1.0""?> <rule version=""1"">   <pattern>strncpy\s*\(\s*[a-zA-Z_][a-zA-Z0-9_]*\s*,\s*[a-zA-Z_][a-zA-Z0-9_]*)\s*;</pattern>   <message>     <id>cwe_170</id>     <severity>warning</severity>     <summary>CWE-170: Improper Null Termination</summary>   </message> </rule>"
mistral-7b-instruct-v0.1,0.0,256,CWE-129,Improper Validation of Array Index,True,True,False,False,"<?xml version=""1.0""?> <rule version=""1"">   <pattern>arr\[\w+\]</pattern>   <message>     <id>cwe_129</id>     <severity>warning</severity>     <summary>CWE-129: Improper Validation of Array Index</summary>   </message> </rule>"
mistral-7b-instruct-v0.1,0.0,256,CWE-121,Stack-based Buffer Overflow,True,False,False,False,"<?xml version=""1.0""?> <rule version=""1"">   <pattern>strcpy\s*\(\s*[a-zA-Z_][a-zA-Z0-9_]*\s*,\s*[a-zA-Z_][a-zA-Z0-9_]*)</pattern>   <message>     <id>cwe_121</id>     <severity>warning</severity>     <summary>Stack-based buffer overflow (CWE-121)</summary>   </message> </rule>"
mistral-7b-instruct-v0.1,0.0,256,CWE-122,Heap-based Buffer Overflow,True,True,False,False,"<?xml version=""1.0""?> <rule version=""1"">   <pattern>malloc\s*\(\s*[^\s)]+\s*,\s*[^\s)]+\s*\)</pattern>   <message>     <id>cwe_122</id>     <severity>warning</severity>     <summary>Buffer overflow detected. Please fix the code.</summary>   </message> </rule>"
mistral-7b-instruct-v0.1,0.0,256,CWE-126,Buffer Over-read,True,True,False,False,"<?xml version=""1.0""?> <rule version=""1"">   <pattern>int \w+ \* \w+ = \w+ ;</pattern>   <message>     <id>cwe_126</id>     <severity>warning</severity>     <summary>Buffer Over-read</summary>   </message> </rule>"
mistral-7b-instruct-v0.1,0.0,256,CWE-665,Improper Initialization,True,True,False,False,"<?xml version=""1.0""?> <rule version=""1"">   <pattern>struct \w+ \{ \w+ ; \w+ ; \} ; int main \( ( \w+ ) { \w+ = \d+ ; printf( &quot;x=\d+ y=\d+&quot; , \w+ , \w+ ) ; return 0 ; }</pattern>   <message>     <id>cwe_665</id>     <severity>warning</severity>     <summary>CWE-665 — Improper Initialization</summary>   </message> </rule>"
mistral-7b-instruct-v0.1,0.0,256,CWE-688,Function Call With Incorrect Variable as Argument,True,True,False,False,"<?xml version=""1.0""?> <rule version=""1"">   <pattern>free\( \w+ \) (?!.* free \([^)]+\))</pattern>   <message>     <id>cwe_688</id>     <severity>warning</severity>     <summary>Function Call With Incorrect Variable as Argument</summary>   </message> </rule>"
mistral-7b-instruct-v0.1,0.0,256,CWE-468,Incorrect Pointer Scaling,True,True,False,False,"<?xml version=""1.0""?> <rule version=""1"">   <pattern>int \*p = arr + sizeof ( int ) \* N ;</pattern>   <message>     <id>cwe_468</id>     <severity>warning</severity>     <summary>Incorrect Pointer Scaling</summary>   </message> </rule>"
mistral-7b-instruct-v0.1,0.0,256,CWE-761,Free of Pointer not at Start of Buffer,True,True,False,False,"<?xml version=""1.0""?> <rule version=""1"">   <pattern>free\((\w+)\) .* \* (\1)</pattern>   <message>     <id>cwe_761</id>     <severity>warning</severity>     <summary>Free of Pointer not at Start of Buffer</summary>   </message> </rule>"
mistral-7b-instruct-v0.1,0.0,256,CWE-805,Buffer Access with Incorrect Length Value,True,True,False,False,"<?xml version=""1.0""?> <rule version=""1"">   <pattern>sizeof\((\w+)\) (\w+)</pattern>   <message>     <id>cwe_805</id>     <severity>warning</severity>     <summary>Buffer Access with Incorrect Length Value</summary>   </message> </rule>"
mistral-7b-instruct-v0.1,0.0,256,CWE-908,Use of Uninitialized Resource,True,False,False,False,"<?xml version=""1.0""?> <rule version=""1"">   <pattern>fread\s*\(\s*[^\s]*\s*,\s*[^\s]*\s*,\s*[^\s]*\s*)</pattern>   <message>     <id>cwe_908</id>     <severity>warning</severity>     <summary>Use of Uninitialized Resource (CWE-908)</summary>   </message> </rule>"
mistral-7b-instruct-v0.1,0.0,256,CWE-676,Use of Potentially Dangerous Function,True,True,True,False,"<?xml version=""1.0""?> <rule version=""1"">   <pattern>sprintf\s*\(\s*[^)]+\s*,\s*[^)]+\s*\)</pattern>   <message>     <id>cwe_676</id>     <severity>warning</severity>     <summary>Use of Potentially Dangerous Function: sprintf without control over buffer size. The function does not have a limit on the output length. If the input is too long, it will overflow the buffer.</summary>   </message> </rule>"
mistral-7b-instruct-v0.1,0.0,512,CWE-476,NULL Pointer Dereference,True,True,False,False,"<?xml version=""1.0""?> <rule version=""1"">   <pattern>int \*p = NULL; (\w+) \* \1</pattern>   <message>     <id>cwe_476</id>     <severity>warning</severity>     <summary>NULL Pointer Dereference</summary>   </message> </rule>"
mistral-7b-instruct-v0.1,0.0,512,CWE-787,Out-of-Bounds Write,True,False,False,False,"<?xml version=""1.0""?> <rule version=""1"">   <pattern>strcpy\s*\(\s*[^\w]+\s*,\s*[^\w]+)\s*;</pattern>   <message>     <id>cwe_787</id>     <severity>warning</severity>     <summary>Out-of-Bounds Write (CWE-787)</summary>   </message> </rule>"
mistral-7b-instruct-v0.1,0.0,512,CWE-416,Use After Free,True,False,False,False,"<?xml version=""1.0""?> <rule version=""1"">   <pattern>free\( \w+ \) .* \* \1</pattern>   <message>     <id>cwe_416</id>     <severity>warning</severity>     <summary>Use After Free</summary>   </message> </rule>"
mistral-7b-instruct-v0.1,0.0,512,CWE-401,Memory Leak,True,True,False,False,"<?xml version=""1.0""?> <rule version=""1"">   <pattern>free\((\w+)\) .* \* (\1)</pattern>   <message>     <id>cwe_401</id>     <severity>warning</severity>     <summary>Memory Leak (CWE-401)</summary>   </message> </rule>"
mistral-7b-instruct-v0.1,0.0,512,CWE-415,Double Free,True,True,False,False,"<?xml version=""1.0""?> <rule version=""1"">   <pattern>free\((\w+)\) .* \* (\1)</pattern>   <message>     <id>cwe_415</id>     <severity>warning</severity>     <summary>Double Free</summary>   </message> </rule>"
mistral-7b-instruct-v0.1,0.0,512,CWE-190,Integer Overflow,True,False,False,False,"<?xml version=""1.0""?> <rule version=""1"">   <pattern>int \w+ \( int \w+ , int \w+ ) { return \w+ \+ \w+ ; }</pattern>   <message>     <id>cwe_190</id>     <severity>warning</severity>     <summary>Integer Overflow</summary>   </message> </rule>"
mistral-7b-instruct-v0.1,0.0,512,CWE-457,Use of Uninitialized Variable,True,True,False,False,"<?xml version=""1.0""?> <rule version=""1"">   <pattern>int \w+ \s* = \s* \w+ ;</pattern>   <message>     <id>cwe_457</id>     <severity>warning</severity>     <summary>Use of Uninitialized Variable (CWE-457)</summary>   </message> </rule>"
mistral-7b-instruct-v0.1,0.0,512,CWE-125,Out-of-Bounds Read,True,True,False,False,"<?xml version=""1.0""?> <rule version=""1"">   <pattern>arr\[\w+\]</pattern>   <message>     <id>cwe_125</id>     <severity>warning</severity>     <summary>Out-of-Bounds Read (CWE-125)</summary>   </message> </rule>"
mistral-7b-instruct-v0.1,0.0,512,CWE-242,Use of Inherently Dangerous Function,True,True,True,True,"<?xml version=""1.0""?> <rule version=""1"">   <pattern>get</pattern>   <message>     <id>cwe_242</id>     <severity>warning</severity>     <summary>Use of Inherently Dangerous Function</summary>   </message> </rule>"
mistral-7b-instruct-v0.1,0.0,512,CWE-134,Use of Externally-Controlled Format String,True,True,True,True,"<?xml version=""1.0""?> <rule version=""1"">   <pattern>(\w+) \* (\w+) (?!\w+ \*)</pattern>   <message>     <id>cwe_134</id>     <severity>warning</severity>     <summary>Use of Externally-Controlled Format String</summary>   </message> </rule>"
mistral-7b-instruct-v0.1,0.0,512,CWE-369,Divide By Zero,True,False,False,False,"<?xml version=""1.0""?> <rule version=""1"">   <pattern>int \w+ \( int \w+ , int \w+ ) { return \w+ / \w+ ; }</pattern>   <message>     <id>cwe_369</id>     <severity>warning</severity>     <summary>Divide By Zero</summary>   </message> </rule>"
mistral-7b-instruct-v0.1,0.0,512,CWE-562,Return of Stack Variable Address,True,True,True,True,"<?xml version=""1.0""?> <rule version=""1"">   <pattern>return \w+ ;</pattern>   <message>     <id>cwe_562</id>     <severity>warning</severity>     <summary>Return of Stack Variable Address (CWE-562)</summary>   </message> </rule>"
mistral-7b-instruct-v0.1,0.0,512,CWE-690,Unchecked Return Value to NULL Pointer Dereference,True,True,False,False,"<?xml version=""1.0""?> <rule version=""1"">   <pattern>free\((\w+)\) (?!.* free \()</pattern>   <message>     <id>cwe_690</id>     <severity>warning</severity>     <summary>Unchecked Return Value to NULL Pointer Dereference</summary>   </message> </rule>"
mistral-7b-instruct-v0.1,0.0,512,CWE-252,Unchecked Return Value,True,True,True,True,"<?xml version=""1.0""?> <rule version=""1"">   <pattern>return \w+ ;</pattern>   <message>     <id>cwe_252</id>     <severity>warning</severity>     <summary>Unchecked Return Value</summary>   </message> </rule>"
mistral-7b-instruct-v0.1,0.0,512,CWE-191,Integer Underflow,True,True,False,False,"<?xml version=""1.0""?> <rule version=""1"">   <pattern>int \w+ \* \w+ - \w+</pattern>   <message>     <id>cwe_191</id>     <severity>warning</severity>     <summary>Integer Underflow</summary>   </message> </rule>"
mistral-7b-instruct-v0.1,0.0,512,CWE-197,Numeric Truncation Error,True,True,False,False,"<?xml version=""1.0""?> <rule version=""1"">   <pattern>truncate_value\s*\(int\s*x\s*\)</pattern>   <message>     <id>cwe_197</id>     <severity>warning</severity>     <summary>Numeric Truncation Error</summary>   </message> </rule>"
mistral-7b-instruct-v0.1,0.0,512,CWE-195,Signed to Unsigned Conversion Error,True,True,False,False,"<?xml version=""1.0""?> <rule version=""1"">   <pattern>int \*p = NULL;|char dst [ \d_]+ ;|char src [ \d_]+ = &quot;([^&quot;]*)&quot;;|int n = -1;</pattern>   <message>     <id>cwe_195</id>     <severity>warning</severity>     <summary>Signed to Unsigned Conversion Error</summary>   </message> </rule>"
mistral-7b-instruct-v0.1,0.0,512,CWE-131,Incorrect Calculation of Buffer Size,True,True,False,False,"<?xml version=""1.0""?> <rule version=""1"">   <pattern>malloc\(strlen\(\w+\)\)(\s*)?</pattern>   <message>     <id>cwe_131</id>     <severity>warning</severity>     <summary>Incorrect Calculation of Buffer Size: malloc(strlen(s)) without +1 for нулевой терминатор. Afterдующий strcpy запишет байт за пределы выделенной памяти.</summary>   </message> </rule>"
mistral-7b-instruct-v0.1,0.0,512,CWE-170,Improper Null Termination,True,False,False,False,"<?xml version=""1.0""?> <rule version=""1"">   <pattern>strncpy\s*\(\s*[a-zA-Z_][a-zA-Z0-9_]*\s*,\s*[a-zA-Z_][a-zA-Z0-9_]*)\s*;</pattern>   <message>     <id>cwe_170</id>     <severity>warning</severity>     <summary>CWE-170: Improper Null Termination</summary>   </message> </rule>"
mistral-7b-instruct-v0.1,0.0,512,CWE-129,Improper Validation of Array Index,True,True,False,False,"<?xml version=""1.0""?> <rule version=""1"">   <pattern>arr\[\w+\]</pattern>   <message>     <id>cwe_129</id>     <severity>warning</severity>     <summary>CWE-129: Improper Validation of Array Index</summary>   </message> </rule>"
mistral-7b-instruct-v0.1,0.0,512,CWE-121,Stack-based Buffer Overflow,True,False,False,False,"<?xml version=""1.0""?> <rule version=""1"">   <pattern>strcpy\s*\(\s*[a-zA-Z_][a-zA-Z0-9_]*\s*,\s*[a-zA-Z_][a-zA-Z0-9_]*)</pattern>   <message>     <id>cwe_121</id>     <severity>warning</severity>     <summary>Stack-based Buffer Overflow (CWE-121)</summary>   </message> </rule>"
mistral-7b-instruct-v0.1,0.0,512,CWE-122,Heap-based Buffer Overflow,True,True,False,False,"<?xml version=""1.0""?> <rule version=""1"">   <pattern>malloc\s*\(\s*[^\s)]+\s*,\s*[^\s)]+\s*\)</pattern>   <message>     <id>cwe_122</id>     <severity>warning</severity>     <summary>Buffer overflow detected. Please fix the code.</summary>   </message> </rule>"
mistral-7b-instruct-v0.1,0.0,512,CWE-126,Buffer Over-read,True,True,False,False,"<?xml version=""1.0""?> <rule version=""1"">   <pattern>int \w+ \* \w+ = \w+ ;</pattern>   <message>     <id>cwe_126</id>     <severity>warning</severity>     <summary>Buffer Over-read</summary>   </message> </rule>"
mistral-7b-instruct-v0.1,0.0,512,CWE-665,Improper Initialization,True,False,False,False,"<?xml version=""1.0""?> <rule version=""1"">   <pattern>struct \w+ \{ \s* \w+ \s*; \s* \w+ \s*; \} ; int main \( ([^)]*)\) { \s* \w+ \s* = \s* \d+ ; printf \( &quot;x=%d y=%d\n&quot; , \s* \w+ \s*, \s* \w+ \s* ) ; return 0 ; }</pattern>   <message>     <id>cwe_665</id>     <severity>warning</severity>     <summary>Struct or array used without full initialization of all fields/elements. Reading uninitialized fields gives garbage from stack. Source: MITRE CWE-665.</summary>   </message> </rule>"
mistral-7b-instruct-v0.1,0.0,512,CWE-688,Function Call With Incorrect Variable as Argument,True,True,False,False,"<?xml version=""1.0""?> <rule version=""1"">   <pattern>free\( \w+ \) (?!.* free \([^)]+\))</pattern>   <message>     <id>cwe_688</id>     <severity>warning</severity>     <summary>Function Call With Incorrect Variable as Argument</summary>   </message> </rule>"
mistral-7b-instruct-v0.1,0.0,512,CWE-468,Incorrect Pointer Scaling,True,True,False,False,"<?xml version=""1.0""?> <rule version=""1"">   <pattern>int \*p = arr + sizeof ( int ) \* N ;</pattern>   <message>     <id>cwe_468</id>     <severity>warning</severity>     <summary>Incorrect Pointer Scaling</summary>   </message> </rule>"
mistral-7b-instruct-v0.1,0.0,512,CWE-761,Free of Pointer not at Start of Buffer,True,True,False,False,"<?xml version=""1.0""?> <rule version=""1"">   <pattern>free\((\w+)\) .* \* (\1)</pattern>   <message>     <id>cwe_761</id>     <severity>warning</severity>     <summary>Free of Pointer not at Start of Buffer</summary>   </message> </rule>"
mistral-7b-instruct-v0.1,0.0,512,CWE-805,Buffer Access with Incorrect Length Value,True,True,False,False,"<?xml version=""1.0""?> <rule version=""1"">   <pattern>sizeof\((\w+)\) (\w+)</pattern>   <message>     <id>cwe_805</id>     <severity>warning</severity>     <summary>Buffer Access with Incorrect Length Value</summary>   </message> </rule>"
mistral-7b-instruct-v0.1,0.0,512,CWE-908,Use of Uninitialized Resource,True,False,False,False,"<?xml version=""1.0""?> <rule version=""1"">   <pattern>fread\s*\(\s*[^\s]*\s*,\s*[^\s]*\s*,\s*[^\s]*\s*)</pattern>   <message>     <id>cwe_908</id>     <severity>warning</severity>     <summary>Use of Uninitialized Resource (CWE-908)</summary>   </message> </rule>"
mistral-7b-instruct-v0.1,0.0,512,CWE-676,Use of Potentially Dangerous Function,True,True,True,False,"<?xml version=""1.0""?> <rule version=""1"">   <pattern>sprintf\s*\(\s*[^)]+\s*,\s*[^)]+\s*\)</pattern>   <message>     <id>cwe_676</id>     <severity>warning</severity>     <summary>Use of Potentially Dangerous Function: sprintf without control over buffer size. The function does not have a limit on the output length. If the input is too long, it will overflow the buffer.</summary>   </message> </rule>"
mistral-7b-instruct-v0.1,0.3,256,CWE-476,NULL Pointer Dereference,True,True,False,False,"<?xml version=""1.0""?> <rule version=""1"">   <pattern>(?i)\bfree\s*\w+\s*(\([^)]+\))\s*\*\*\s*(\w+)\s*;</pattern>   <message>     <id>cwe_476</id>     <severity>warning</severity>     <summary>NULL pointer dereference</summary>   </message> </rule>"
mistral-7b-instruct-v0.1,0.3,256,CWE-787,Out-of-Bounds Write,True,False,False,False,"<?xml version=""1.0""?> <rule version=""1"">   <pattern>strcpy\s*\(\s*[^\w]+\s*,\s*[^\w]+)\s*;</pattern>   <message>     <id>cwe_787</id>     <severity>warning</severity>     <summary>Out-of-Bounds Write (CWE-787)</summary>   </message> </rule>"
mistral-7b-instruct-v0.1,0.3,256,CWE-416,Use After Free,True,True,False,False,"<?xml version=""1.0""?> <rule version=""1"">   <pattern>free\( \w+ \) ;</pattern>   <message>     <id>cwe_416</id>     <severity>warning</severity>     <summary>Use After Free</summary>   </message> </rule>"
mistral-7b-instruct-v0.1,0.3,256,CWE-401,Memory Leak,True,True,False,False,"<?xml version=""1.0""?> <rule version=""1"">   <pattern>free \(\w+\) ;</pattern>   <message>     <id>cwe_401</id>     <severity>warning</severity>     <summary>Memory Leak (CWE-401)</summary>   </message> </rule>"
mistral-7b-instruct-v0.1,0.3,256,CWE-415,Double Free,True,False,False,False,"<?xml version=""1.0""?> <rule version=""1"">   <pattern>free\((\w+)\s*\))\s*[^=]+=\s*NULL</pattern>   <message>     <id>cwe_415</id>     <severity>warning</severity>     <summary>Double Free</summary>   </message> </rule>"
mistral-7b-instruct-v0.1,0.3,256,CWE-190,Integer Overflow,True,True,False,False,"<?xml version=""1.0""?> <rule version=""1"">   <pattern>int \w+ \* \w+ = \w+ \+ \w+ ;</pattern>   <message>     <id>cwe_190</id>     <severity>warning</severity>     <summary>Integer Overflow</summary>   </message> </rule>"
mistral-7b-instruct-v0.1,0.3,256,CWE-457,Use of Uninitialized Variable,True,False,False,False,"<?xml version=""1.0""?> <rule version=""1"">   <pattern>(?i)(free\(|\w+\[\w+\])|return \w+;|\* \w+)</pattern>   <message>     <id>cwe_457</id>     <severity>warning</severity>     <summary>Use of Uninitialized Variable</summary>   </message> </rule>"
mistral-7b-instruct-v0.1,0.3,256,CWE-125,Out-of-Bounds Read,True,True,False,False,"<?xml version=""1.0""?> <rule version=""1"">   <pattern>arr\[\d+\]</pattern>   <message>     <id>cwe_125</id>     <severity>warning</severity>     <summary>Out-of-Bounds Read (CWE-125)</summary>   </message> </rule>"
mistral-7b-instruct-v0.1,0.3,256,CWE-242,Use of Inherently Dangerous Function,True,True,True,True,"<?xml version=""1.0""?> <rule version=""1"">   <pattern>get</pattern>   <message>     <id>cwe_242</id>     <severity>warning</severity>     <summary>Use of Inherently Dangerous Function. Use gets() instead of fgets().</summary>   </message> </rule>"
mistral-7b-instruct-v0.1,0.3,256,CWE-134,Use of Externally-Controlled Format String,True,True,True,True,"<?xml version=""1.0""?> <rule version=""1"">   <pattern>(\w+) \* (\w+) (?:\s+\w+)?</pattern>   <message>     <id>cwe_134</id>     <severity>warning</severity>     <summary>Use of Externally-Controlled Format String (CWE-134)</summary>   </message> </rule>"
mistral-7b-instruct-v0.1,0.3,256,CWE-369,Divide By Zero,True,True,False,False,"<?xml version=""1.0""?> <rule version=""1"">   <pattern>int\s*divide\s*\(int\s*,\s*int\s*\)</pattern>   <message>     <id>cwe_369</id>     <severity>warning</severity>     <summary>Divide By Zero</summary>   </message> </rule>"
mistral-7b-instruct-v0.1,0.3,256,CWE-562,Return of Stack Variable Address,True,True,True,True,"<?xml version=""1.0""?> <rule version=""1"">   <pattern>return \w+ ;</pattern>   <message>     <id>cwe_562</id>     <severity>warning</severity>     <summary>Return of Stack Variable Address (CWE-562)</summary>   </message> </rule>"
mistral-7b-instruct-v0.1,0.3,256,CWE-690,Unchecked Return Value to NULL Pointer Dereference,True,True,False,False,"<?xml version=""1.0""?> <rule version=""1"">   <pattern>free\((\w+)\) .* \* (\1)</pattern>   <message>     <id>cwe_690</id>     <severity>warning</severity>     <summary>Unchecked Return Value to NULL Pointer Dereference</summary>   </message> </rule>"
mistral-7b-instruct-v0.1,0.3,256,CWE-252,Unchecked Return Value,True,True,False,False,"<?xml version=""1.0""?> <rule version=""1"">   <pattern>fread\s*\(\s*[^\s)]+\s*,\s*[^\s)]+\s*,\s*[^\s)]+\s*;</pattern>   <message>     <id>cwe_252</id>     <severity>warning</severity>     <summary>Unchecked return value from fread function.</summary>   </message> </rule>"
mistral-7b-instruct-v0.1,0.3,256,CWE-191,Integer Underflow,True,True,False,False,"<?xml version=""1.0""?> <rule version=""1"">   <pattern>int \w+ \* \w+ \( \w+ , \w+ \) { return \w+ - \w+ ; }</pattern>   <message>     <id>cwe_191</id>     <severity>warning</severity>     <summary>Integer Underflow</summary>   </message> </rule>"
mistral-7b-instruct-v0.1,0.3,256,CWE-197,Numeric Truncation Error,True,True,False,False,"<?xml version=""1.0""?> <rule version=""1"">   <pattern>int truncate_value\s*\(\s*int x\s*\)\s*{char result;\s*result\s*=\s*x\s*;\s*return result\s*;\s*}</pattern>   <message>     <id>cwe_197</id>     <severity>warning</severity>     <summary>Numeric Truncation Error</summary>   </message> </rule>"
mistral-7b-instruct-v0.1,0.3,256,CWE-195,Signed to Unsigned Conversion Error,True,True,False,False,"<?xml version=""1.0""?> <rule version=""1"">   <pattern>memcpy \s* \( \w+ , \w+ , \d+\) ;</pattern>   <message>     <id>cwe_195</id>     <severity>warning</severity>     <summary>Signed to Unsigned Conversion Error</summary>   </message> </rule>"
mistral-7b-instruct-v0.1,0.3,256,CWE-131,Incorrect Calculation of Buffer Size,True,True,False,False,"<?xml version=""1.0""?> <rule version=""1"">   <pattern>malloc\(.*?\)(\s*)?strcpy\(.*?\)</pattern>   <message>     <id>cwe_131</id>     <severity>warning</severity>     <summary>Incorrect Calculation of Buffer Size: malloc(strlen(s)) without +1 for null terminator. Afterwards strcpy writes a byte past the end of allocated memory.</summary>   </message> </rule>"
mistral-7b-instruct-v0.1,0.3,256,CWE-170,Improper Null Termination,True,False,False,False,"<?xml version=""1.0""?> <rule version=""1"">   <pattern>strncpy\s*\((\w+),\s*(\w+)\s*,\s*(\d+)\s*)</pattern>   <message>     <id>cwe_170</id>     <severity>warning</severity>     <summary>CWE-170: Improper Null Termination</summary>   </message> </rule>"
mistral-7b-instruct-v0.1,0.3,256,CWE-129,Improper Validation of Array Index,True,True,False,False,"<?xml version=""1.0""?> <rule version=""1"">   <pattern>arr\[\w+\]</pattern>   <message>     <id>cwe_129</id>     <severity>warning</severity>     <summary>CWE-129: Improper Validation of Array Index</summary>   </message> </rule>"
mistral-7b-instruct-v0.1,0.3,256,CWE-121,Stack-based Buffer Overflow,True,False,False,False,"<?xml version=""1.0""?> <rule version=""1"">   <pattern>strcpy\( \w+ , \w+ )</pattern>   <message>     <id>cwe_121</id>     <severity>warning</severity>     <summary>CWE-121: Stack-based Buffer Overflow</summary>   </message> </rule>"
mistral-7b-instruct-v0.1,0.3,256,CWE-122,Heap-based Buffer Overflow,True,True,False,False,"<?xml version=""1.0""?> <rule version=""1"">   <pattern>malloc\s*\(\s*[^\w]*\s*\)\s*[^\w]*(?!\w+)\s*free\(</pattern>   <message>     <id>cwe_122</id>     <severity>warning</severity>     <summary>Buffer overflow</summary>   </message> </rule>"
mistral-7b-instruct-v0.1,0.3,256,CWE-126,Buffer Over-read,True,True,False,False,"<?xml version=""1.0""?> <rule version=""1"">   <pattern>(\w+) \* (\w+) \* (\w+)</pattern>   <message>     <id>cwe_126</id>     <severity>warning</severity>     <summary>Buffer Over-read (CWE-126)</summary>   </message> </rule>"
mistral-7b-instruct-v0.1,0.3,256,CWE-665,Improper Initialization,True,True,False,False,"<?xml version=""1.0""?> <rule version=""1"">   <pattern>struct\s+\w+\s*\{\s+\w+\s*;\s+\w+\s*\};\s+int\s*\w+\s*\(\s*\{</pattern>   <message>     <id>cwe_665</id>     <severity>warning</severity>     <summary>Improper Initialization</summary>   </message> </rule>"
mistral-7b-instruct-v0.1,0.3,256,CWE-688,Function Call With Incorrect Variable as Argument,True,True,False,False,"<?xml version=""1.0""?> <rule version=""1"">   <pattern>free\((\w+)\) .* \* (\1)</pattern>   <message>     <id>cwe_688</id>     <severity>warning</severity>     <summary>Function Call With Incorrect Variable as Argument</summary>   </message> </rule>"
mistral-7b-instruct-v0.1,0.3,256,CWE-468,Incorrect Pointer Scaling,True,True,False,False,"<?xml version=""1.0""?> <rule version=""1"">   <pattern>free\((\w+)\) (\*)\2</pattern>   <message>     <id>cwe_468</id>     <severity>warning</severity>     <summary>Incorrect Pointer Scaling (CWE-468)</summary>   </message> </rule>"
mistral-7b-instruct-v0.1,0.3,256,CWE-761,Free of Pointer not at Start of Buffer,True,True,False,False,"<?xml version=""1.0""?> <rule version=""1"">   <pattern>free\((\w+)\) (\w+) (\w+)</pattern>   <message>     <id>cwe_761</id>     <severity>warning</severity>     <summary>Free of Pointer not at Start of Buffer</summary>   </message> </rule>"
mistral-7b-instruct-v0.1,0.3,256,CWE-805,Buffer Access with Incorrect Length Value,True,True,False,False,"<?xml version=""1.0""?> <rule version=""1"">   <pattern>sizeof\((\w+)\)</pattern>   <message>     <id>cwe_805</id>     <severity>warning</severity>     <summary>Buffer Access with Incorrect Length Value</summary>   </message> </rule>"
mistral-7b-instruct-v0.1,0.3,256,CWE-908,Use of Uninitialized Resource,True,True,False,False,"<?xml version=""1.0""?> <rule version=""1"">   <pattern>fread\(.*?\s*,\s*sizeof\(\w+\)\s*,\s*f\s*\)</pattern>   <message>     <id>cwe_908</id>     <severity>warning</severity>     <summary>Use of Uninitialized Resource (CWE-908)</summary>   </message> </rule>"
mistral-7b-instruct-v0.1,0.3,256,CWE-676,Use of Potentially Dangerous Function,True,True,False,False,"<?xml version=""1.0""?> <rule version=""1"">   <pattern>sprintf\(.*?\s*,\s*[^)]+\)</pattern>   <message>     <id>cwe_676</id>     <severity>warning</severity>     <summary>Use of Potentially Dangerous Function: sprintf without control over buffer size. Use snprintf instead.</summary>   </message> </rule>"
mistral-7b-instruct-v0.1,0.3,512,CWE-476,NULL Pointer Dereference,True,False,False,False,"<?xml version=""1.0""?> <rule version=""1"">   <pattern>int \*p = NULL; printf \( &quot;%d\n&quot; , \* p ) ;</pattern>   <message>     <id>cwe_476</id>     <severity>warning</severity>     <summary>NULL Pointer Dereference (CWE-476)</summary>   </message> </rule>"
mistral-7b-instruct-v0.1,0.3,512,CWE-787,Out-of-Bounds Write,True,False,False,False,"<?xml version=""1.0""?> <rule version=""1"">   <pattern>strcpy\s*\(\s*[a-zA-Z0-9_][a-zA-Z0-9_]*\s*,\s*[a-zA-Z0-9_][a-zA-Z0-9_]*)</pattern>   <message>     <id>cwe_787</id>     <severity>warning</severity>     <summary>Out-of-Bounds Write (CWE-787)</summary>   </message> </rule>"
mistral-7b-instruct-v0.1,0.3,512,CWE-416,Use After Free,True,False,False,False,"<?xml version=""1.0""?> <rule version=""1"">   <pattern>free\( \w+ \) .* \* \1</pattern>   <message>     <id>cwe_416</id>     <severity>warning</severity>     <summary>Use After Free</summary>   </message> </rule>"
mistral-7b-instruct-v0.1,0.3,512,CWE-401,Memory Leak,True,True,False,False,"<?xml version=""1.0""?> <rule version=""1"">   <pattern>free\((\w+)\) (?!.* free \()</pattern>   <message>     <id>cwe_401</id>     <severity>warning</severity>     <summary>Memory Leak. Allocate memory with malloc and do not free it.</summary>   </message> </rule>"
mistral-7b-instruct-v0.1,0.3,512,CWE-415,Double Free,True,True,False,False,"<?xml version=""1.0""?> <rule version=""1"">   <pattern>free \(\w+\) ;</pattern>   <message>     <id>cwe_415</id>     <severity>warning</severity>     <summary>Double free detected. CWE-415: Double Free</summary>   </message> </rule>"
mistral-7b-instruct-v0.1,0.3,512,CWE-190,Integer Overflow,True,True,False,False,"<?xml version=""1.0""?> <rule version=""1"">   <pattern>return \w+ \* \w+ ;</pattern>   <message>     <id>cwe_190</id>     <severity>warning</severity>     <summary>Short description of the bug</summary>   </message> </rule>"
mistral-7b-instruct-v0.1,0.3,512,CWE-457,Use of Uninitialized Variable,True,True,True,True,"<?xml version=""1.0""?> <rule version=""1"">   <pattern>int \w+ ([^=]*) [^;]* ;</pattern>   <message>     <id>cwe_457</id>     <severity>warning</severity>     <summary>Use of Uninitialized Variable</summary>   </message> </rule>"
mistral-7b-instruct-v0.1,0.3,512,CWE-125,Out-of-Bounds Read,True,True,False,False,"<?xml version=""1.0""?> <rule version=""1"">   <pattern>int \w+ \[\w+\]</pattern>   <message>     <id>cwe_125</id>     <severity>warning</severity>     <summary>Out-of-Bounds Read (CWE-125)</summary>   </message> </rule>"
mistral-7b-instruct-v0.1,0.3,512,CWE-242,Use of Inherently Dangerous Function,True,False,False,False,"<?xml version=""1.0""?> <rule version=""1"">   <pattern>get\s*\([^\w]+\))</pattern>   <message>     <id>cwe_242</id>     <severity>warning</severity>     <summary>Use of Inherently Dangerous Function</summary>   </message> </rule>"
mistral-7b-instruct-v0.1,0.3,512,CWE-134,Use of Externally-Controlled Format String,True,True,True,True,"<?xml version=""1.0""?> <rule version=""1"">   <pattern>(\w+) (\w+) \([^\)]+\) (.*?)</pattern>   <message>     <id>cwe_134</id>     <severity>warning</severity>     <summary>Use of Externally-Controlled Format String</summary>   </message> </rule>"
mistral-7b-instruct-v0.1,0.3,512,CWE-369,Divide By Zero,True,True,False,False,"<?xml version=""1.0""?> <rule version=""1"">   <pattern>int divide ( int a , int b ) { return a / b ; }</pattern>   <message>     <id>cwe_369</id>     <severity>warning</severity>     <summary>Divide By Zero</summary>   </message> </rule>"
mistral-7b-instruct-v0.1,0.3,512,CWE-562,Return of Stack Variable Address,True,True,True,True,"<?xml version=""1.0""?> <rule version=""1"">   <pattern>return \w+ ;</pattern>   <message>     <id>cwe_562</id>     <severity>warning</severity>     <summary>Return of Stack Variable Address (CWE-562)</summary>   </message> </rule>"
mistral-7b-instruct-v0.1,0.3,512,CWE-690,Unchecked Return Value to NULL Pointer Dereference,True,False,False,False,"<?xml version=""1.0""?> <rule version=""1"">   <pattern>malloc\((\s*)\s*\w+\s*,\s*\d+\s*sizeof\s*\w+\s*)</pattern>   <message>     <id>cwe_690</id>     <severity>warning</severity>     <summary>Unchecked return value to NULL pointer dereference (CWE-690)</summary>   </message> </rule>"
mistral-7b-instruct-v0.1,0.3,512,CWE-252,Unchecked Return Value,True,True,True,True,"<?xml version=""1.0""?> <rule version=""1"">   <pattern>return \w+ ;</pattern>   <message>     <id>cwe_252</id>     <severity>warning</severity>     <summary>Unchecked Return Value</summary>   </message> </rule>"
mistral-7b-instruct-v0.1,0.3,512,CWE-191,Integer Underflow,True,False,False,False,"<?xml version=""1.0""?> <rule version=""1"">   <pattern>int \w+ \( int \w+ , int \w+ ) { return \w+ - \w+ ; }</pattern>   <message>     <id>cwe_191</id>     <severity>warning</severity>     <summary>Integer Underflow</summary>   </message> </rule>"
mistral-7b-instruct-v0.1,0.3,512,CWE-197,Numeric Truncation Error,True,True,False,False,"<?xml version=""1.0""?> <rule version=""1"">   <pattern>(\w+) (\w+) (truncate|cast) (\w+) (\w+)</pattern>   <message>     <id>cwe_197</id>     <severity>warning</severity>     <summary>Numeric Truncation Error</summary>   </message> </rule>"
mistral-7b-instruct-v0.1,0.3,512,CWE-195,Signed to Unsigned Conversion Error,True,True,False,False,"<?xml version=""1.0""?> <rule version=""1"">   <pattern>.*\b(?i)signed\b.*\bto\b.*\buunsigned\b.*\b.*</pattern>   <message>     <id>cwe_195</id>     <severity>warning</severity>     <summary>Signed to Unsigned Conversion Error</summary>   </message> </rule>"
mistral-7b-instruct-v0.1,0.3,512,CWE-131,Incorrect Calculation of Buffer Size,True,True,True,True,"<?xml version=""1.0""?> <rule version=""1"">   <pattern>strcpy\s*\(\s*[^)]+\s*,\s*[^)]+\s*\)</pattern>   <message>     <id>cwe_131</id>     <severity>warning</severity>     <summary>Incorrect Calculation of Buffer Size: malloc(strlen(s)) without +1 for null terminator. Afterwards strcpy writes a byte past the end of allocated memory.</summary>   </message> </rule>"
mistral-7b-instruct-v0.1,0.3,512,CWE-170,Improper Null Termination,True,False,False,False,"<?xml version=""1.0""?> <rule version=""1"">   <pattern>strncpy\s*\(\s*[a-zA-Z_][a-zA-Z0-9_]*\s*,\s*[a-zA-Z_][a-zA-Z0-9_]*)\s*;</pattern>   <message>     <id>cwe_170</id>     <severity>warning</severity>     <summary>CWE-170: Improper Null Termination</summary>   </message> </rule>"
mistral-7b-instruct-v0.1,0.3,512,CWE-129,Improper Validation of Array Index,True,True,False,False,"<?xml version=""1.0""?> <rule version=""1"">   <pattern>arr\[\w+\]</pattern>   <message>     <id>cwe_129</id>     <severity>warning</severity>     <summary>CWE-129: Improper Validation of Array Index</summary>   </message> </rule>"
mistral-7b-instruct-v0.1,0.3,512,CWE-121,Stack-based Buffer Overflow,True,False,False,False,"<?xml version=""1.0""?> <rule version=""1"">   <pattern>strcpy\s*\(\s*[a-zA-Z_][a-zA-Z0-9_]+\s*,\s*[a-zA-Z_][a-zA-Z0-9_]+\s*)</pattern>   <message>     <id>cwe_121</id>     <severity>warning</severity>     <summary>Stack-based Buffer Overflow (CWE-121)</summary>   </message> </rule>"
mistral-7b-instruct-v0.1,0.3,512,CWE-122,Heap-based Buffer Overflow,True,True,False,False,"<?xml version=""1.0""?> <rule version=""1"">   <pattern>malloc\s*\(\s*[^\s]*\s*,\s*[^\s]*\s*\)\s*[^\s]*\s*;</pattern>   <message>     <id>cwe_122</id>     <severity>warning</severity>     <summary>Heap-based Buffer Overflow (CWE-122)</summary>   </message> </rule>"
mistral-7b-instruct-v0.1,0.3,512,CWE-126,Buffer Over-read,True,True,True,True,"<?xml version=""1.0""?> <rule version=""1"">   <pattern>.*\b(strlen|wcslen)\s*\([^)]+\).*</pattern>   <message>     <id>cwe_126</id>     <severity>warning</severity>     <summary>Buffer Over-read (CWE-126)</summary>   </message> </rule>"
mistral-7b-instruct-v0.1,0.3,512,CWE-665,Improper Initialization,True,True,False,False,"<?xml version=""1.0""?> <rule version=""1"">   <pattern>struct \w+ \{ (\w+) (?:\s*,\s*)? \w+\s*;(\s*\{|\s*}\s*)?\}</pattern>   <message>     <id>cwe_665</id>     <severity>warning</severity>     <summary>CWE-665: Improper Initialization. Structure or array used without full initialization of all fields/elements. Reading uninitialized fields gives garbage from stack.</summary>   </message> </rule>"
mistral-7b-instruct-v0.1,0.3,512,CWE-688,Function Call With Incorrect Variable as Argument,True,True,True,True,"<?xml version=""1.0""?> <rule version=""1"">   <pattern>free \([^)]+\) ;</pattern>   <message>     <id>cwe_688</id>     <severity>warning</severity>     <summary>Function Call With Incorrect Variable as Argument</summary>   </message> </rule>"
mistral-7b-instruct-v0.1,0.3,512,CWE-468,Incorrect Pointer Scaling,True,True,False,False,"<?xml version=""1.0""?> <rule version=""1"">   <pattern>int \*p = arr + sizeof ( int ) \* N ;</pattern>   <message>     <id>cwe_468</id>     <severity>warning</severity>     <summary>Incorrect Pointer Scaling</summary>   </message> </rule>"
mistral-7b-instruct-v0.1,0.3,512,CWE-761,Free of Pointer not at Start of Buffer,True,True,False,False,"<?xml version=""1.0""?> <rule version=""1"">   <pattern>free \([^)]+\) [^;]* ;</pattern>   <message>     <id>cwe_761</id>     <severity>warning</severity>     <summary>Free of Pointer not at Start of Buffer</summary>   </message> </rule>"
mistral-7b-instruct-v0.1,0.3,512,CWE-805,Buffer Access with Incorrect Length Value,True,True,False,False,"<?xml version=""1.0""?> <rule version=""1"">   <pattern>sizeof\((\w+)\) (\*|\[|\{|\(|=|&amp;|;|,|\s)*</pattern>   <message>     <id>cwe_805</id>     <severity>warning</severity>     <summary>Buffer Access with Incorrect Length Value</summary>   </message> </rule>"
mistral-7b-instruct-v0.1,0.3,512,CWE-908,Use of Uninitialized Resource,False,False,False,False,
mistral-7b-instruct-v0.1,0.3,512,CWE-676,Use of Potentially Dangerous Function,True,True,False,False,"<?xml version=""1.0""?> <rule version=""1"">   <pattern>sprintf\(.*?\s*,\s*[^\w]+\s*,\s*[^\w]+.*?\)</pattern>   <message>     <id>cwe_676</id>     <severity>warning</severity>     <summary>Use of Potentially Dangerous Function</summary>   </message> </rule>"
mistral-7b-instruct-v0.1,0.7,256,CWE-476,NULL Pointer Dereference,True,True,False,False,"<?xml version=""1.0""?> <rule version=""1"">   <pattern>int \w+ \( int \* \w+\) ;</pattern>   <message>     <id>cwe_476</id>     <severity>warning</severity>     <summary>NULL Pointer Dereference</summary>   </message> </rule>"
mistral-7b-instruct-v0.1,0.7,256,CWE-787,Out-of-Bounds Write,True,False,False,False,"<?xml version=""1.0""?> <rule version=""1"">   <pattern>(?:free\(|\w+\* \w+|return\s*\w+\;|\[^=]= NULL|malloc\(.*?\s*(?!.*free\()\s*,))\s*</pattern>   <message>     <id>cwe_787</id>     <severity>warning</severity>     <summary>Short description of the bug</summary>   </message> </rule>"
mistral-7b-instruct-v0.1,0.7,256,CWE-416,Use After Free,True,False,False,False,"<?xml version=""1.0""?> <rule version=""1"">   <pattern>(?:\bfree\s*\()|\bint\s*\*\s*\*|\bstrcpy\s*\s*\()|\breturn\s*\+\s*)(\w+)\s*\))</pattern>   <message>     <id>cwe_416</id>     <severity>warning</severity>     <summary>Use After Free</summary>   </message> </rule>"
mistral-7b-instruct-v0.1,0.7,256,CWE-401,Memory Leak,True,True,False,False,"<?xml version=""1.0""?> <rule version=""1"">   <pattern>free \([\w_]+\) (?!.* free )</pattern>   <message>     <id>cwe_401</id>     <severity>warning</severity>     <summary>Memory Leak: Allocated memory not freed.</summary>   </message> </rule>"
mistral-7b-instruct-v0.1,0.7,256,CWE-415,Double Free,True,True,False,False,"<?xml version=""1.0""?> <rule version=""1"">   <pattern>free (\w+ ) ;\s+\* \1</pattern>   <message>     <id>cwe_415</id>     <severity>warning</severity>     <summary>Double Free</summary>   </message> </rule>"
mistral-7b-instruct-v0.1,0.7,256,CWE-190,Integer Overflow,True,True,False,False,"<?xml version=""1.0""?> <rule version=""1"">   <pattern>int \w+ \(\s*\w+\)\s*,\s*\w+\s*;</pattern>   <message>     <id>cwe_190</id>     <severity>warning</severity>     <summary>Integer Overflow (CWE-190)</summary>   </message> </rule>"
mistral-7b-instruct-v0.1,0.7,256,CWE-457,Use of Uninitialized Variable,True,True,False,False,"<?xml version=""1.0""?> <rule version=""1"">   <pattern>\bint\s*(\w+)\s*=</pattern>   <message>     <id>cwe_457</id>     <severity>warning</severity>     <summary>Use of Uninitialized Variable (CWE-457)</summary>   </message> </rule>"
mistral-7b-instruct-v0.1,0.7,256,CWE-125,Out-of-Bounds Read,True,True,False,False,"<?xml version=""1.0""?> <rule version=""1"">   <pattern>int\s*\w+\s*\[(\d+)\]\s*=</pattern>   <message>     <id>cwe_125</id>     <severity>warning</severity>     <summary>Out-of-Bounds Read (CWE-125)</summary>   </message> </rule>"
mistral-7b-instruct-v0.1,0.7,256,CWE-242,Use of Inherently Dangerous Function,True,True,False,False,"<?xml version=""1.0""?> <rule version=""1"">   <pattern>gets\s*\(\w+\s*\)</pattern>   <message>     <id>cwe_242</id>     <severity>warning</severity>     <summary>Use of Inherently Dangerous Function</summary>   </message> </rule>"
mistral-7b-instruct-v0.1,0.7,256,CWE-134,Use of Externally-Controlled Format String,True,False,False,False,"<?xml version=""1.0""?> <rule version=""1"">   <pattern>(?i)\b\w+\s*\(\w+\)\b\s*\([^)]+\).*?\s*\([^)]+\)\s*\))</pattern>   <message>     <id>cwe_134</id>     <severity>warning</severity>     <summary>Use of Externally-Controlled Format String (CWE-134)</summary>   </message> </rule>"
mistral-7b-instruct-v0.1,0.7,256,CWE-369,Divide By Zero,True,True,False,False,"<?xml version=""1.0""?> <rule version=""1"">   <pattern>int divide \(( int a , int b ) { return a / b ; } int main \(</pattern>   <message>     <id>cwe_369</id>     <severity>warning</severity>     <summary>Divide By Zero</summary>   </message> </rule>"
mistral-7b-instruct-v0.1,0.7,256,CWE-562,Return of Stack Variable Address,True,True,False,False,"<?xml version=""1.0""?> <rule version=""1"">   <pattern>int \* get\_value\( \) \{ int local ; local = 42 ; return &amp; local ; \}</pattern>   <message>     <id>cwe_562</id>     <severity>warning</severity>     <summary>Return of Stack Variable Address (CWE-562)</summary>   </message> </rule>"
mistral-7b-instruct-v0.1,0.7,256,CWE-690,Unchecked Return Value to NULL Pointer Dereference,True,True,False,False,"<?xml version=""1.0""?> <rule version=""1"">   <pattern>free\((\w+)\) (\*?\s*)?\s*\w+\s*,?\s*\w+\s*;</pattern>   <message>     <id>cwe_690</id>     <severity>warning</severity>     <summary>Unchecked return value to NULL pointer dereference</summary>   </message> </rule>"
mistral-7b-instruct-v0.1,0.7,256,CWE-252,Unchecked Return Value,True,True,False,False,"<?xml version=""1.0""?> <rule version=""1"">   <pattern>free\((\w+)\) (\s*\w+\s*)?\s*(\*;)?\s*(\s*\w+\s*)?\s*(=|&amp;)? NULL\b</pattern>   <message>     <id>cwe_252</id>     <severity>warning</severity>     <summary>Unchecked return value of a function that may return an error (e.g., fopen, fread).</summary>   </message> </rule>"
mistral-7b-instruct-v0.1,0.7,256,CWE-191,Integer Underflow,True,True,False,False,"<?xml version=""1.0""?> <rule version=""1"">   <pattern>free \* int</pattern>   <message>     <id>cwe_191</id>     <severity>warning</severity>     <summary>Integer Underflow</summary>   </message> </rule>"
mistral-7b-instruct-v0.1,0.7,256,CWE-197,Numeric Truncation Error,True,True,True,True,"<?xml version=""1.0""?> <rule version=""1"">   <pattern>truncate_value\s*\(\s*int\s*x\s*\)</pattern>   <message>     <id>cwe_197</id>     <severity>warning</severity>     <summary>CWE-197: Numeric Truncation Error. Preconversion of a value from larger to smaller type without checking for overflow.</summary>   </message> </rule>"
mistral-7b-instruct-v0.1,0.7,256,CWE-195,Signed to Unsigned Conversion Error,True,False,False,False,"<?xml version=""1.0""?> <rule version=""1"">   <pattern>char \* dst = \w+ ; char \* src = \w+ ; int n = -1; copy_n_bytes\( dst , src , n )</pattern>   <message>     <id>cwe_195</id>     <severity>warning</severity>     <summary>Signed to Unsigned Conversion Error</summary>   </message> </rule>"
mistral-7b-instruct-v0.1,0.7,256,CWE-131,Incorrect Calculation of Buffer Size,True,True,False,False,"<?xml version=""1.0""?> <rule version=""1"">   <pattern>malloc\((\w+)\)(\s*)?</pattern>   <message>     <id>cwe_131</id>     <severity>warning</severity>     <summary>CWE-131: Incorrect Calculation of Buffer Size</summary>   </message> </rule>"
mistral-7b-instruct-v0.1,0.7,256,CWE-170,Improper Null Termination,True,True,False,False,"<?xml version=""1.0""?> <rule version=""1"">   <pattern>(?:\s*\w+\s*)(strncpy|memcpy|strcat)(?!\s*\w+)</pattern>   <message>     <id>cwe_170</id>     <severity>warning</severity>     <summary>Improper Null Termination</summary>   </message> </rule>"
mistral-7b-instruct-v0.1,0.7,256,CWE-129,Improper Validation of Array Index,True,False,False,False,"<?xml version=""1.0""?> <rule version=""1"">   <pattern>arr\[\s*\w+\</pattern>   <message>     <id>cwe_129</id>     <severity>warning</severity>     <summary>CWE-129: Improper Validation of Array Index</summary>   </message> </rule>"
mistral-7b-instruct-v0.1,0.7,256,CWE-121,Stack-based Buffer Overflow,True,True,False,False,"<?xml version=""1.0""?> <rule version=""1"">   <pattern>(\w+) (\w+) (\w+) (\w+) (\w+) (\w+)</pattern>   <message>     <id>cwe_121</id>     <severity>warning</severity>     <summary>Buffer overflow: strcpy ( dest , src ) is called with buffer size equal to the length of the source string.</summary>   </message> </rule>"
mistral-7b-instruct-v0.1,0.7,256,CWE-122,Heap-based Buffer Overflow,True,False,False,False,"<?xml version=""1.0""?> <rule version=""1"">   <pattern>free\((\w+)\) (?!.*free \())</pattern>   <message>     <id>cwe_122</id>     <severity>warning</severity>     <summary>Heap-based Buffer Overflow. Short description: Writing a string to a buffer with the size of 8 bytes, which is not enough for the length of the string.</summary>   </message> </rule>"
mistral-7b-instruct-v0.1,0.7,256,CWE-126,Buffer Over-read,True,True,False,False,"<?xml version=""1.0""?> <rule version=""1"">   <pattern>.*?\s*strlen\(\s*\w+\s*,\s*\w+\s*\)*</pattern>   <message>     <id>cwe_126</id>     <severity>warning</severity>     <summary>Buffer Over-read (CWE-126)</summary>   </message> </rule>"
mistral-7b-instruct-v0.1,0.7,256,CWE-665,Improper Initialization,True,True,False,False,"<?xml version=""1.0""?> <rule version=""1"">   <pattern>struct\s+(.*?)\s*; int\s+\w+(\s*\(?\w+\))?\s*=</pattern>   <message>     <id>cwe_665</id>     <severity>warning</severity>     <summary>Structure or array used without full initialization of all fields/elements. Reading uninitialized fields gives garbage from stack.</summary>   </message> </rule>"
mistral-7b-instruct-v0.1,0.7,256,CWE-688,Function Call With Incorrect Variable as Argument,True,True,False,False,"<?xml version=""1.0""?> <rule version=""1"">   <pattern>(free|delete|calloc|realloc|malloc|mmap)\s+\w+</pattern>   <message>     <id>cwe_688</id>     <severity>warning</severity>     <summary>Function Call With Incorrect Variable as Argument</summary>   </message> </rule>"
mistral-7b-instruct-v0.1,0.7,256,CWE-468,Incorrect Pointer Scaling,True,True,False,False,"<?xml version=""1.0""?> <rule version=""1"">   <pattern>int \*p = arr + (sizeof int)*N;</pattern>   <message>     <id>cwe_468</id>     <severity>warning</severity>     <summary>Incorrect pointer scaling. C automatically scales pointers to the correct size, but it should be explicit.</summary>   </message> </rule>"
mistral-7b-instruct-v0.1,0.7,256,CWE-761,Free of Pointer not at Start of Buffer,True,True,False,False,"<?xml version=""1.0""?> <rule version=""1"">   <pattern>(?i)free\s*\(\w+\)</pattern>   <message>     <id>cwe_761</id>     <severity>warning</severity>     <summary>Free of pointer not at start of buffer</summary>   </message> </rule>"
mistral-7b-instruct-v0.1,0.7,256,CWE-805,Buffer Access with Incorrect Length Value,True,True,False,False,"<?xml version=""1.0""?> <rule version=""1"">   <pattern>sizeof \w+</pattern>   <message>     <id>cwe_805</id>     <severity>warning</severity>     <summary>Buffer Access with Incorrect Length Value</summary>   </message> </rule>"
mistral-7b-instruct-v0.1,0.7,256,CWE-908,Use of Uninitialized Resource,True,True,True,True,"<?xml version=""1.0""?> <rule version=""1"">   <pattern>(?i)\b(free|fopen|fgets|fread|fscanf|fseek|ftell|fgets|fwrite|fclose|fopenex|fflush|fflushall|fflushbuf|fflushstdin|fflushstdout|fflushstderr)\b\s*\(</pattern>   <message>     <id>cwe_908</id>     <severity>warning</severity>     <summary>Use of Uninitialized Resource (CWE-908)</summary>   </message> </rule>"
mistral-7b-instruct-v0.1,0.7,256,CWE-676,Use of Potentially Dangerous Function,True,False,False,False,"<?xml version=""1.0""?> <rule version=""1"">   <pattern>(\w+)\s*\w+\s*(\(|\[\)(\s*\w+\s*,\s*\w+)*(\s*\w+\s*,\s*\w+)*(\s*\w+\s*,\s*\w+)*(\s*\w+\s*,\s*\w+)*(\s*\w+\s*,\s*\w+)*(\s*\w+\s*,\s*\w+)*)(\s*\w+\s*,\s*\w+)*\s*(\)|\]\)\s*sprintf</pattern>   <message>     <id>cwe_676</id>     <severity>warning</severity>     <summary>Use of Potentially Dangerous Function: sprintf without control over buffer size. This will cause a buffer overflow if the input is too long.</summary>   </message> </rule>"
mistral-7b-instruct-v0.1,0.7,512,CWE-476,NULL Pointer Dereference,True,True,False,False,"<?xml version=""1.0""?> <rule version=""1"">   <pattern>\b\w+\s*\*\s*(\w+)\s*\*\s*(\w+)\s*\s*(return|get)(\s*)?\s*(\w+|-?\d+);\b</pattern>   <message>     <id>cwe_476</id>     <severity>warning</severity>     <summary>NULL pointer dereference</summary>   </message> </rule>"
mistral-7b-instruct-v0.1,0.7,512,CWE-787,Out-of-Bounds Write,True,False,False,False,"<?xml version=""1.0""?> <rule version=""1"">   <pattern>(?:free\(|?:return\s\+\w+\s*;|?:arr\[\s*[^)]*\s*\])</pattern>   <message>     <id>cwe_787</id>     <severity>warning</severity>     <summary>Out-of-Bounds Write (CWE-787)</summary>   </message> </rule>"
mistral-7b-instruct-v0.1,0.7,512,CWE-416,Use After Free,True,True,False,False,"<?xml version=""1.0""?> <rule version=""1"">   <pattern>free \w+</pattern>   <message>     <id>cwe_416</id>     <severity>warning</severity>     <summary>Use After Free</summary>   </message> </rule>"
mistral-7b-instruct-v0.1,0.7,512,CWE-401,Memory Leak,True,True,False,False,"<?xml version=""1.0""?> <rule version=""1"">   <pattern>malloc\(\s+\w+\s*\*\s+\w+\s*;</pattern>   <message>     <id>cwe_401</id>     <severity>warning</severity>     <summary>Memory Leak (CWE-401)</summary>   </message> </rule>"
mistral-7b-instruct-v0.1,0.7,512,CWE-415,Double Free,True,True,False,False,"<?xml version=""1.0""?> <rule version=""1"">   <pattern>free \s+ \( \w+ \) ;</pattern>   <message>     <id>cwe_415</id>     <severity>warning</severity>     <summary>Double Free</summary>   </message> </rule>"
mistral-7b-instruct-v0.1,0.7,512,CWE-190,Integer Overflow,True,True,False,False,"<?xml version=""1.0""?> <rule version=""1"">   <pattern>int \w+ \( \s+\w+ , \s+\w+ \) ;</pattern>   <message>     <id>cwe_190</id>     <severity>warning</severity>     <summary>Integer Overflow (CWE-190)</summary>   </message> </rule>"
mistral-7b-instruct-v0.1,0.7,512,CWE-457,Use of Uninitialized Variable,True,True,False,False,"<?xml version=""1.0""?> <rule version=""1"">   <pattern>int \w+ \* \w+ ;</pattern>   <message>     <id>cwe_457</id>     <severity>warning</severity>     <summary>Use of Uninitialized Variable (CWE-457)</summary>   </message> </rule>"
mistral-7b-instruct-v0.1,0.7,512,CWE-125,Out-of-Bounds Read,True,True,False,False,"<?xml version=""1.0""?> <rule version=""1"">   <pattern>int\s*\w+\[\s*(\d+)\]\s*=\s*[^}]\+</pattern>   <message>     <id>cwe_125</id>     <severity>warning</severity>     <summary>Out-of-Bounds Read (CWE-125)</summary>   </message> </rule>"
mistral-7b-instruct-v0.1,0.7,512,CWE-242,Use of Inherently Dangerous Function,True,True,False,False,"<?xml version=""1.0""?> <rule version=""1"">   <pattern>get$[^;]* ;([^\w]+)$</pattern>   <message>     <id>cwe_242</id>     <severity>warning</severity>     <summary>Use of Inherently Dangerous Function: gets() is deprecated and should not be used.</summary>   </message> </rule>"
mistral-7b-instruct-v0.1,0.7,512,CWE-134,Use of Externally-Controlled Format String,True,True,False,False,"<?xml version=""1.0""?> <rule version=""1"">   <pattern>const char \* msg \s*(?:\(.*\))?\s*\s*(\w+) \s*\s*\{printf\s*\s*\([%a-zA-Z_][^)]*\) \s*,\s*return\s*\s*;</pattern>   <message>     <id>cwe_134</id>     <severity>warning</severity>     <summary>Use of Externally-Controlled Format String (CWE-134) detected in printf-family functions. This can be used to read or write arbitrary data.</summary>   </message> </rule>"
mistral-7b-instruct-v0.1,0.7,512,CWE-369,Divide By Zero,True,True,False,False,"<?xml version=""1.0""?> <rule version=""1"">   <pattern>int\s*\w+\s*divide\s*\(\s*int\s*\w+\s*,\s*int\s*\w+\s*\)\s*{return\s*\w+\s*;}</pattern>   <message>     <id>cwe_369</id>     <severity>warning</severity>     <summary>Divide by zero</summary>   </message> </rule>"
mistral-7b-instruct-v0.1,0.7,512,CWE-562,Return of Stack Variable Address,True,True,False,False,"<?xml version=""1.0""?> <rule version=""1"">   <pattern>return \* \w+;</pattern>   <message>     <id>cwe_562</id>     <severity>warning</severity>     <summary>Return of Stack Variable Address (CWE-562)</summary>   </message> </rule>"
mistral-7b-instruct-v0.1,0.7,512,CWE-690,Unchecked Return Value to NULL Pointer Dereference,True,False,False,False,"<?xml version=""1.0""?> <rule version=""1"">   <pattern>free\((\w+) (?!\w+\s*\*\*) .* ([^\w]|$)\w+\))</pattern>   <message>     <id>cwe_690</id>     <severity>warning</severity>     <summary>Unchecked Return Value to NULL Pointer Dereference (CWE-690)</summary>   </message> </rule>"
mistral-7b-instruct-v0.1,0.7,512,CWE-252,Unchecked Return Value,True,False,False,False,"<?xml version=""1.0""?> <rule version=""1"">   <pattern>(([^)]*)\s+)\w+\s*\((\w+)\s*,\s*)\s*(\w+)\s*;</pattern>   <message>     <id>cwe_252</id>     <severity>warning</severity>     <summary>Unchecked return value from a function that may return an error.</summary>   </message> </rule>"
mistral-7b-instruct-v0.1,0.7,512,CWE-191,Integer Underflow,True,True,False,False,"<?xml version=""1.0""?> <rule version=""1"">   <pattern>\bint\s*(\-)?\s*[a-zA-Z0-9_][a-zA-Z0-9_]*\s*=\s*(\+|\-)(\s*\d+)</pattern>   <message>     <id>cwe_191</id>     <severity>warning</severity>     <summary>CWE-191: Integer Underflow</summary>   </message> </rule>"
mistral-7b-instruct-v0.1,0.7,512,CWE-197,Numeric Truncation Error,True,True,False,False,"<?xml version=""1.0""?> <rule version=""1"">   <pattern>truncate_value\s*\((\d+)\)\s*{\s*char\s*result;\s*result\s*=\\s*((\w+))\s*;\s*return\s*result;\s*}</pattern>   <message>     <id>cwe_197</id>     <severity>warning</severity>     <summary>Numeric Truncation Error</summary>   </message> </rule>"
mistral-7b-instruct-v0.1,0.7,512,CWE-195,Signed to Unsigned Conversion Error,True,True,False,False,"<?xml version=""1.0""?> <rule version=""1"">   <pattern>^copy_n_bytes\s+(char\s*\*)\s+.*\s+int\s*\*\s+(\w+)\s*;$</pattern>   <message>     <id>cwe_195</id>     <severity>warning</severity>     <summary>Signed to Unsigned Conversion Error</summary>   </message> </rule>"
mistral-7b-instruct-v0.1,0.7,512,CWE-131,Incorrect Calculation of Buffer Size,True,True,False,False,"<?xml version=""1.0""?> <rule version=""1"">   <pattern>malloc\((\w+)\) (?!.* free \()</pattern>   <message>     <id>cwe_131</id>     <severity>warning</severity>     <summary>Incorrect Calculation of Buffer Size: malloc(strlen(s)) without +1 for нулевой терминатор.</summary>   </message> </rule>"
mistral-7b-instruct-v0.1,0.7,512,CWE-170,Improper Null Termination,True,False,False,False,"<?xml version=""1.0""?> <rule version=""1"">   <pattern>strncpy\s*\(\s*(\w+)\s*,\s*(\w+)\s*)\s*;\s*printf\s*\(\s*&quot;(%.*&quot;)\s*\);</pattern>   <message>     <id>cwe_170</id>     <severity>warning</severity>     <summary>CWE-170: Improper Null Termination. Use strncpy with null terminator.</summary>   </message> </rule>"
mistral-7b-instruct-v0.1,0.7,512,CWE-129,Improper Validation of Array Index,True,True,False,False,"<?xml version=""1.0""?> <rule version=""1"">   <pattern>int\s*\w+\(\s*\w+\)\s*[\w\s]+;\s*return\s*\w+\s*[\w\s]*;</pattern>   <message>     <id>cwe_129</id>     <severity>warning</severity>     <summary>Improper Validation of Array Index: CWE-129. Use of array index without checking for bounds.</summary>   </message> </rule>"
mistral-7b-instruct-v0.1,0.7,512,CWE-121,Stack-based Buffer Overflow,True,True,True,False,"<?xml version=""1.0""?> <rule version=""1"">   <pattern>strcpy\s*\(.*?\)\s*;</pattern>   <message>     <id>cwe_121</id>     <severity>warning</severity>     <summary>Stack-based Buffer Overflow (CWE-121). Potential buffer overflow. Consider using strncpy() instead.</summary>   </message> </rule>"
mistral-7b-instruct-v0.1,0.7,512,CWE-122,Heap-based Buffer Overflow,True,True,False,False,"<?xml version=""1.0""?> <rule version=""1"">   <pattern>buffer\s*=(\w+)\s*,\s*(\w+)\s*\(</pattern>   <message>     <id>cwe_122</id>     <severity>warning</severity>     <summary>Buffer overflow detected. Data written beyond the end of allocated memory.</summary>   </message> </rule>"
mistral-7b-instruct-v0.1,0.7,512,CWE-126,Buffer Over-read,True,False,False,False,"<?xml version=""1.0""?> <rule version=""1"">   <pattern>([^)]*)\*\s*[^\s]*(\[\s*[^)]*\s*,?\s*)+\[\s*[^)]*\s*,?\s*)+\[\s*[^\s]*(\[\s*[^)]*\s*,?\s*)+\[\s*[^)]*\s*,?\s*)+\[\s*[^\s]*(\[\s*[^)]*\s*,?\s*)+\[\s*[^)]*\s*,?\s*)+\[\s*[^)]*\s*,?\s*)+\[\s*[^)]*\s*,?\s*)+\[\s*[^)]*\s*,?\s*)+\[\s*[^)]*\s*,?\s*)+</pattern>   <message>     <id>cwe_126</id>     <severity>warning</severity>     <summary>Buffer Over-read (CWE-126)</summary>   </message> </rule>"
mistral-7b-instruct-v0.1,0.7,512,CWE-665,Improper Initialization,True,True,False,False,"<?xml version=""1.0""?> <rule version=""1"">   <pattern>(?i)\bstruct\s+(\w+)\s*\((\w+\s*,\s*)+\)\s*;</pattern>   <message>     <id>cwe_665</id>     <severity>warning</severity>     <summary>CWE-665: Improper Initialization</summary>   </message> </rule>"
mistral-7b-instruct-v0.1,0.7,512,CWE-688,Function Call With Incorrect Variable as Argument,True,False,False,False,"<?xml version=""1.0""?> <rule version=""1"">   <pattern>(free\()\s+\w+)</pattern>   <message>     <id>cwe_688</id>     <severity>warning</severity>     <summary>Function call with incorrect variable as argument: CWE-688</summary>   </message> </rule>"
mistral-7b-instruct-v0.1,0.7,512,CWE-468,Incorrect Pointer Scaling,True,True,False,False,"<?xml version=""1.0""?> <rule version=""1"">   <pattern>arr\[\w+\]</pattern>   <message>     <id>cwe_468</id>     <severity>warning</severity>     <summary>Incorrect Pointer Scaling (CWE-468)</summary>   </message> </rule>"
mistral-7b-instruct-v0.1,0.7,512,CWE-761,Free of Pointer not at Start of Buffer,True,True,False,False,"<?xml version=""1.0""?> <rule version=""1"">   <pattern>free\(.*?\s*\w+\)\s*(\*.*?\*)?\s*\w+\)</pattern>   <message>     <id>cwe_761</id>     <severity>warning</severity>     <summary>Free of pointer not at start of buffer</summary>   </message> </rule>"
mistral-7b-instruct-v0.1,0.7,512,CWE-805,Buffer Access with Incorrect Length Value,True,True,False,False,"<?xml version=""1.0""?> <rule version=""1"">   <pattern>YOUR_REGEX_HERE</pattern>   <message>     <id>cwe_805</id>     <severity>warning</severity>     <summary>Short description of the bug</summary>   </message> </rule>"
mistral-7b-instruct-v0.1,0.7,512,CWE-908,Use of Uninitialized Resource,True,False,False,False,"<?xml version=""1.0""?> <rule version=""1"">   <pattern>fread \w+ , sizeof \(\w+\) , stdin \s* \s* \([\s* ]*\s* , \s* ]*\s* )</pattern>   <message>     <id>cwe_908</id>     <severity>warning</severity>     <summary>Use of Uninitialized Resource (CWE-908)</summary>   </message> </rule>"
mistral-7b-instruct-v0.1,0.7,512,CWE-676,Use of Potentially Dangerous Function,True,True,True,True,"<?xml version=""1.0""?> <rule version=""1"">   <pattern>(?&lt;!sprintf)\b\s*(?:\w+|[^\(\)]+)\s*\(</pattern>   <message>     <id>cwe_676</id>     <severity>warning</severity>     <summary>Use of Potentially Dangerous Function: sprintf without buffer size check</summary>   </message> </rule>"
qwen2.5.1-coder-7b-instruct,0.0,256,CWE-476,NULL Pointer Dereference,True,True,True,True,"<?xml version=""1.0""?> <rule version=""1"">   <pattern>\* \w+ ;</pattern>   <message>     <id>cwe_476</id>     <severity>warning</severity>     <summary>NULL Pointer Dereference</summary>   </message> </rule>"
qwen2.5.1-coder-7b-instruct,0.0,256,CWE-787,Out-of-Bounds Write,True,True,True,False,"<?xml version=""1.0""?> <rule version=""1"">   <pattern>strcpy \( \w+ , \w+ \)</pattern>   <message>     <id>cwe_787</id>     <severity>warning</severity>     <summary>Detects out-of-bounds write using strcpy without length check.</summary>   </message> </rule>"
qwen2.5.1-coder-7b-instruct,0.0,256,CWE-416,Use After Free,True,False,False,False,"<?xml version=""1.0""?> <rule version=""1"">   <pattern>free \( \w+ \) .* \* \1</pattern>   <message>     <id>cwe_416</id>     <severity>warning</severity>     <summary>Use After Free: Accessing memory after it has been freed can lead to undefined behavior.</summary>   </message> </rule>"
qwen2.5.1-coder-7b-instruct,0.0,256,CWE-401,Memory Leak,True,True,True,True,"<?xml version=""1.0""?> <rule version=""1"">   <pattern>malloc \( .* \) (?!.* free \()</pattern>   <message>     <id>cwe_401</id>     <severity>warning</severity>     <summary>Memory Leak: Allocated memory is not freed.</summary>   </message> </rule>"
qwen2.5.1-coder-7b-instruct,0.0,256,CWE-415,Double Free,True,True,False,False,"<?xml version=""1.0""?> <rule version=""1"">   <pattern>free \( (\w+) \) .* free \( \1 \)</pattern>   <message>     <id>cwe_415</id>     <severity>warning</severity>     <summary>Duplicate free of the same pointer detected</summary>   </message> </rule>"
qwen2.5.1-coder-7b-instruct,0.0,256,CWE-190,Integer Overflow,True,True,False,False,"<?xml version=""1.0""?> <rule version=""1"">   <pattern>\breturn \w+ \+ \w+;\b</pattern>   <message>     <id>cwe_190</id>     <severity>warning</severity>     <summary>Integer overflow detected in arithmetic operation.</summary>   </message> </rule>"
qwen2.5.1-coder-7b-instruct,0.0,256,CWE-457,Use of Uninitialized Variable,True,True,False,False,"<?xml version=""1.0""?> <rule version=""1"">   <pattern>int \w+ ; if \( ! \w+ \) .* return \w+ ;</pattern>   <message>     <id>cwe_457</id>     <severity>warning</severity>     <summary>Use of uninitialized variable. Variable is read before being assigned a value.</summary>   </message> </rule>"
qwen2.5.1-coder-7b-instruct,0.0,256,CWE-125,Out-of-Bounds Read,True,True,False,False,"<?xml version=""1.0""?> <rule version=""1"">   <pattern>arr \[ [0-9]+ \+ [0-9]+ \]</pattern>   <message>     <id>cwe_125</id>     <severity>warning</severity>     <summary>Out-of-Bounds Read: Accessing array element outside its bounds.</summary>   </message> </rule>"
qwen2.5.1-coder-7b-instruct,0.0,256,CWE-242,Use of Inherently Dangerous Function,True,True,True,False,"<?xml version=""1.0""?> <rule version=""1"">   <pattern>gets \( \w+ \)</pattern>   <message>     <id>cwe_242</id>     <severity>warning</severity>     <summary>Use of inherently dangerous function 'gets()'</summary>   </message> </rule>"
qwen2.5.1-coder-7b-instruct,0.0,256,CWE-134,Use of Externally-Controlled Format String,True,True,False,False,"<?xml version=""1.0""?> <rule version=""1"">   <pattern>printf \( \w+ ,</pattern>   <message>     <id>cwe_134</id>     <severity>warning</severity>     <summary>Potential use of externally-controlled format string in printf</summary>   </message> </rule>"
qwen2.5.1-coder-7b-instruct,0.0,256,CWE-369,Divide By Zero,True,True,False,False,"<?xml version=""1.0""?> <rule version=""1"">   <pattern>/ \s* \( \s* \w+ \s* , \s* \w+ \s* \) ;</pattern>   <message>     <id>cwe_369</id>     <severity>warning</severity>     <summary>Divide by zero detected. Ensure the divisor is not zero before performing division.</summary>   </message> </rule>"
qwen2.5.1-coder-7b-instruct,0.0,256,CWE-562,Return of Stack Variable Address,True,True,True,True,"<?xml version=""1.0""?> <rule version=""1"">   <pattern>return \w+ ;</pattern>   <message>     <id>cwe_562</id>     <severity>warning</severity>     <summary>Returns address of local variable</summary>   </message> </rule>"
qwen2.5.1-coder-7b-instruct,0.0,256,CWE-690,Unchecked Return Value to NULL Pointer Dereference,True,True,False,False,"<?xml version=""1.0""?> <rule version=""1"">   <pattern>malloc \( .* \) (?!.* free \() .* \[ \w+ \]</pattern>   <message>     <id>cwe_690</id>     <severity>warning</severity>     <summary>Unchecked return value to NULL Pointer Dereference</summary>   </message> </rule>"
qwen2.5.1-coder-7b-instruct,0.0,256,CWE-252,Unchecked Return Value,True,True,False,False,"<?xml version=""1.0""?> <rule version=""1"">   <pattern>fopen \(.*\);[^;]*fread \(.*\);[^;]*fclose \(.*\);</pattern>   <message>     <id>cwe_252</id>     <severity>warning</severity>     <summary>Unchecked return value of fread after fopen and fclose.</summary>   </message> </rule>"
qwen2.5.1-coder-7b-instruct,0.0,256,CWE-191,Integer Underflow,True,True,True,True,"<?xml version=""1.0""?> <rule version=""1"">   <pattern>return \w+ - \w+</pattern>   <message>     <id>cwe_191</id>     <severity>warning</severity>     <summary>Potential integer underflow detected. Subtracting a larger number from a smaller one can lead to unexpected results.</summary>   </message> </rule>"
qwen2.5.1-coder-7b-instruct,0.0,256,CWE-197,Numeric Truncation Error,True,True,True,True,"<?xml version=""1.0""?> <rule version=""1"">   <pattern>char result ; result = (\w+) ; return result ;</pattern>   <message>     <id>cwe_197</id>     <severity>warning</severity>     <summary>Numeric truncation error: conversion from larger type to smaller without bounds checking.</summary>   </message> </rule>"
qwen2.5.1-coder-7b-instruct,0.0,256,CWE-195,Signed to Unsigned Conversion Error,True,True,True,False,"<?xml version=""1.0""?> <rule version=""1"">   <pattern>memcpy \( \w+ , \w+ , (\w+) \)</pattern>   <message>     <id>cwe_195</id>     <severity>warning</severity>     <summary>Signed to Unsigned Conversion Error: Negative value passed to memcpy.</summary>   </message> </rule>"
qwen2.5.1-coder-7b-instruct,0.0,256,CWE-131,Incorrect Calculation of Buffer Size,True,True,False,False,"<?xml version=""1.0""?> <rule version=""1"">   <pattern>malloc \( .* \) (?!.* free \() strcpy \( \w+ , \w+ \)</pattern>   <message>     <id>cwe_131</id>     <severity>warning</severity>     <summary>Incorrect calculation of buffer size: malloc without +1 for null terminator.</summary>   </message> </rule>"
qwen2.5.1-coder-7b-instruct,0.0,256,CWE-170,Improper Null Termination,True,True,True,False,"<?xml version=""1.0""?> <rule version=""1"">   <pattern>strncpy \( \w+ , \w+ , sizeof \( \w+ \) \)</pattern>   <message>     <id>cwe_170</id>     <severity>warning</severity>     <summary>Improper null termination detected. Use strncpy without explicit null terminator.</summary>   </message> </rule>"
qwen2.5.1-coder-7b-instruct,0.0,256,CWE-129,Improper Validation of Array Index,True,True,True,True,"<?xml version=""1.0""?> <rule version=""1"">   <pattern>arr \[ [^ ]+ \]</pattern>   <message>     <id>cwe_129</id>     <severity>warning</severity>     <summary>Improper validation of array index</summary>   </message> </rule>"
qwen2.5.1-coder-7b-instruct,0.0,256,CWE-121,Stack-based Buffer Overflow,True,True,True,False,"<?xml version=""1.0""?> <rule version=""1"">   <pattern>strcpy \( \w+ , \w+ \)</pattern>   <message>     <id>cwe_121</id>     <severity>warning</severity>     <summary>Stack-based Buffer Overflow detected. Use strncpy with proper bounds checking.</summary>   </message> </rule>"
qwen2.5.1-coder-7b-instruct,0.0,256,CWE-122,Heap-based Buffer Overflow,True,True,True,False,"<?xml version=""1.0""?> <rule version=""1"">   <pattern>strcpy \( \w+ , .* \)</pattern>   <message>     <id>cwe_122</id>     <severity>warning</severity>     <summary>Detects heap-based buffer overflow using strcpy</summary>   </message> </rule>"
qwen2.5.1-coder-7b-instruct,0.0,256,CWE-126,Buffer Over-read,True,True,True,True,"<?xml version=""1.0""?> <rule version=""1"">   <pattern>strlen \( \w+ \)</pattern>   <message>     <id>cwe_126</id>     <severity>warning</severity>     <summary>Detects buffer over-read using strlen on non-null-terminated arrays.</summary>   </message> </rule>"
qwen2.5.1-coder-7b-instruct,0.0,256,CWE-665,Improper Initialization,True,True,False,False,"<?xml version=""1.0""?> <rule version=""1"">   <pattern>struct\s+\w+\s*\{[^}]*\}\s*;\s*int\s+main\s*\(\)\s*\{\s*struct\s+\w+\s+p;\s*p\s*\.\s*\w+\s*=\s*\d+;</pattern>   <message>     <id>cwe_665</id>     <severity>warning</severity>     <summary>Improper Initialization: Structure or array used without full initialization of all fields/elements.</summary>   </message> </rule>"
qwen2.5.1-coder-7b-instruct,0.0,256,CWE-688,Function Call With Incorrect Variable as Argument,True,True,True,True,"<?xml version=""1.0""?> <rule version=""1"">   <pattern>free \( \w+ \)</pattern>   <message>     <id>cwe_688</id>     <severity>warning</severity>     <summary>Function call with incorrect variable as argument (CWE-688)</summary>   </message> </rule>"
qwen2.5.1-coder-7b-instruct,0.0,256,CWE-468,Incorrect Pointer Scaling,True,True,False,False,"<?xml version=""1.0""?> <rule version=""1"">   <pattern>p = arr \+ sizeof \( int \) \* [0-9]+;</pattern>   <message>     <id>cwe_468</id>     <severity>warning</severity>     <summary>Incorrect pointer scaling detected. Use simply N instead of sizeof(int)*N.</summary>   </message> </rule>"
qwen2.5.1-coder-7b-instruct,0.0,256,CWE-761,Free of Pointer not at Start of Buffer,True,True,False,False,"<?xml version=""1.0""?> <rule version=""1"">   <pattern>free \( (\w+) \) .* \* \1</pattern>   <message>     <id>cwe_761</id>     <severity>warning</severity>     <summary>Free of Pointer not at Start of Buffer</summary>   </message> </rule>"
qwen2.5.1-coder-7b-instruct,0.0,256,CWE-805,Buffer Access with Incorrect Length Value,True,True,True,False,"<?xml version=""1.0""?> <rule version=""1"">   <pattern>sizeof \( \w+ \)</pattern>   <message>     <id>cwe_805</id>     <severity>warning</severity>     <summary>Buffer Access with Incorrect Length Value: sizeof used on pointer instead of buffer size.</summary>   </message> </rule>"
qwen2.5.1-coder-7b-instruct,0.0,256,CWE-908,Use of Uninitialized Resource,True,True,True,True,"<?xml version=""1.0""?> <rule version=""1"">   <pattern>FILE \* [a-zA-Z_0-9]+ ; .* fread \(.* ,.* ,.* , [a-zA-Z_0-9]+ \)</pattern>   <message>     <id>cwe_908</id>     <severity>warning</severity>     <summary>Use of uninitialized resource: FILE* not properly initialized before use.</summary>   </message> </rule>"
qwen2.5.1-coder-7b-instruct,0.0,256,CWE-676,Use of Potentially Dangerous Function,True,True,True,False,"<?xml version=""1.0""?> <rule version=""1"">   <pattern>sprintf \( \w+ , .* \)</pattern>   <message>     <id>cwe_676</id>     <severity>warning</severity>     <summary>Use of sprintf without buffer size control detected. This can lead to buffer overflow.</summary>   </message> </rule>"
qwen2.5.1-coder-7b-instruct,0.0,512,CWE-476,NULL Pointer Dereference,True,True,True,True,"<?xml version=""1.0""?> <rule version=""1"">   <pattern>\* \w+ ;</pattern>   <message>     <id>cwe_476</id>     <severity>warning</severity>     <summary>NULL Pointer Dereference</summary>   </message> </rule>"
qwen2.5.1-coder-7b-instruct,0.0,512,CWE-787,Out-of-Bounds Write,True,True,True,False,"<?xml version=""1.0""?> <rule version=""1"">   <pattern>strcpy \( \w+ , \w+ \)</pattern>   <message>     <id>cwe_787</id>     <severity>warning</severity>     <summary>Detects out-of-bounds write using strcpy without length check.</summary>   </message> </rule>"
qwen2.5.1-coder-7b-instruct,0.0,512,CWE-416,Use After Free,True,False,False,False,"<?xml version=""1.0""?> <rule version=""1"">   <pattern>free \( \w+ \) .* \* \1</pattern>   <message>     <id>cwe_416</id>     <severity>warning</severity>     <summary>Detects use of freed memory</summary>   </message> </rule>"
qwen2.5.1-coder-7b-instruct,0.0,512,CWE-401,Memory Leak,True,True,True,True,"<?xml version=""1.0""?> <rule version=""1"">   <pattern>malloc \( .* \) (?!.* free \()</pattern>   <message>     <id>cwe_401</id>     <severity>warning</severity>     <summary>Memory Leak: Allocated memory is not freed.</summary>   </message> </rule>"
qwen2.5.1-coder-7b-instruct,0.0,512,CWE-415,Double Free,True,True,False,False,"<?xml version=""1.0""?> <rule version=""1"">   <pattern>free \( (\w+) \) .* free \( \1 \)</pattern>   <message>     <id>cwe_415</id>     <severity>warning</severity>     <summary>Duplicate free of the same pointer detected</summary>   </message> </rule>"
qwen2.5.1-coder-7b-instruct,0.0,512,CWE-190,Integer Overflow,True,True,False,False,"<?xml version=""1.0""?> <rule version=""1"">   <pattern>\breturn \w+ \+ \w+ ;\b</pattern>   <message>     <id>cwe_190</id>     <severity>warning</severity>     <summary>Integer overflow detected in arithmetic operation.</summary>   </message> </rule>"
qwen2.5.1-coder-7b-instruct,0.0,512,CWE-457,Use of Uninitialized Variable,True,True,False,False,"<?xml version=""1.0""?> <rule version=""1"">   <pattern>int \w+ ; if \( ! \w+ \) .* return \w+ ;</pattern>   <message>     <id>cwe_457</id>     <severity>warning</severity>     <summary>Use of uninitialized variable detected. Variable is read before being assigned a value.</summary>   </message> </rule>"
qwen2.5.1-coder-7b-instruct,0.0,512,CWE-125,Out-of-Bounds Read,True,True,False,False,"<?xml version=""1.0""?> <rule version=""1"">   <pattern>arr \[ [0-9]+ \+ [0-9]+ \]</pattern>   <message>     <id>cwe_125</id>     <severity>warning</severity>     <summary>Out-of-Bounds Read: Accessing array element outside its bounds.</summary>   </message> </rule>"
qwen2.5.1-coder-7b-instruct,0.0,512,CWE-242,Use of Inherently Dangerous Function,True,True,True,False,"<?xml version=""1.0""?> <rule version=""1"">   <pattern>gets \( \w+ \)</pattern>   <message>     <id>cwe_242</id>     <severity>warning</severity>     <summary>Use of inherently dangerous function 'gets()'</summary>   </message> </rule>"
qwen2.5.1-coder-7b-instruct,0.0,512,CWE-134,Use of Externally-Controlled Format String,True,True,False,False,"<?xml version=""1.0""?> <rule version=""1"">   <pattern>printf \( \w+ ,</pattern>   <message>     <id>cwe_134</id>     <severity>warning</severity>     <summary>Potential use of externally-controlled format string in printf</summary>   </message> </rule>"
qwen2.5.1-coder-7b-instruct,0.0,512,CWE-369,Divide By Zero,True,True,False,False,"<?xml version=""1.0""?> <rule version=""1"">   <pattern>/ \s* \( \s* \w+ \s* , \s* \w+ \s* \) ;</pattern>   <message>     <id>cwe_369</id>     <severity>warning</severity>     <summary>Divide by zero detected. Ensure the divisor is not zero before performing division.</summary>   </message> </rule>"
qwen2.5.1-coder-7b-instruct,0.0,512,CWE-562,Return of Stack Variable Address,True,True,True,True,"<?xml version=""1.0""?> <rule version=""1"">   <pattern>return \w+ ;</pattern>   <message>     <id>cwe_562</id>     <severity>warning</severity>     <summary>Returns address of local variable</summary>   </message> </rule>"
qwen2.5.1-coder-7b-instruct,0.0,512,CWE-690,Unchecked Return Value to NULL Pointer Dereference,True,True,False,False,"<?xml version=""1.0""?> <rule version=""1"">   <pattern>malloc \( .* \) (?!.* free \() .* \[ \w+ \]</pattern>   <message>     <id>cwe_690</id>     <severity>warning</severity>     <summary>Unchecked return value to NULL Pointer Dereference</summary>   </message> </rule>"
qwen2.5.1-coder-7b-instruct,0.0,512,CWE-252,Unchecked Return Value,True,True,False,False,"<?xml version=""1.0""?> <rule version=""1"">   <pattern>fopen \(.*\);[^;]*fread \(.*\);[^;]*fclose \(.*\);</pattern>   <message>     <id>cwe_252</id>     <severity>warning</severity>     <summary>Unchecked return value of fread after fopen and fclose.</summary>   </message> </rule>"
qwen2.5.1-coder-7b-instruct,0.0,512,CWE-191,Integer Underflow,True,True,True,True,"<?xml version=""1.0""?> <rule version=""1"">   <pattern>return \w+ - \w+</pattern>   <message>     <id>cwe_191</id>     <severity>warning</severity>     <summary>Potential integer underflow detected. Subtracting a larger number from a smaller one can lead to unexpected results.</summary>   </message> </rule>"
qwen2.5.1-coder-7b-instruct,0.0,512,CWE-197,Numeric Truncation Error,True,True,True,True,"<?xml version=""1.0""?> <rule version=""1"">   <pattern>char result ; result = (\w+) ; return result ;</pattern>   <message>     <id>cwe_197</id>     <severity>warning</severity>     <summary>Numeric truncation error: conversion from larger type to smaller without bounds checking.</summary>   </message> </rule>"
qwen2.5.1-coder-7b-instruct,0.0,512,CWE-195,Signed to Unsigned Conversion Error,True,True,True,False,"<?xml version=""1.0""?> <rule version=""1"">   <pattern>memcpy \( \w+ , \w+ , (\w+) \)</pattern>   <message>     <id>cwe_195</id>     <severity>warning</severity>     <summary>Signed to Unsigned Conversion Error: Negative value passed to memcpy.</summary>   </message> </rule>"
qwen2.5.1-coder-7b-instruct,0.0,512,CWE-131,Incorrect Calculation of Buffer Size,True,True,False,False,"<?xml version=""1.0""?> <rule version=""1"">   <pattern>malloc \( .* \) (?!.* free \() strcpy \( \w+ , \w+ \)</pattern>   <message>     <id>cwe_131</id>     <severity>warning</severity>     <summary>Incorrect calculation of buffer size: malloc without +1 for null terminator.</summary>   </message> </rule>"
qwen2.5.1-coder-7b-instruct,0.0,512,CWE-170,Improper Null Termination,True,True,True,False,"<?xml version=""1.0""?> <rule version=""1"">   <pattern>strncpy \( \w+ , \w+ , sizeof \( \w+ \) \)</pattern>   <message>     <id>cwe_170</id>     <severity>warning</severity>     <summary>Improper null termination detected. Use strncpy without explicit null terminator.</summary>   </message> </rule>"
qwen2.5.1-coder-7b-instruct,0.0,512,CWE-129,Improper Validation of Array Index,True,True,True,True,"<?xml version=""1.0""?> <rule version=""1"">   <pattern>arr \[ [^ ]+ \]</pattern>   <message>     <id>cwe_129</id>     <severity>warning</severity>     <summary>Improper validation of array index</summary>   </message> </rule>"
qwen2.5.1-coder-7b-instruct,0.0,512,CWE-121,Stack-based Buffer Overflow,True,True,True,False,"<?xml version=""1.0""?> <rule version=""1"">   <pattern>strcpy \( \w+ , \w+ \)</pattern>   <message>     <id>cwe_121</id>     <severity>warning</severity>     <summary>Stack-based Buffer Overflow detected. Use strncpy with proper bounds checking.</summary>   </message> </rule>"
qwen2.5.1-coder-7b-instruct,0.0,512,CWE-122,Heap-based Buffer Overflow,True,True,True,False,"<?xml version=""1.0""?> <rule version=""1"">   <pattern>strcpy \( \w+ , .* \)</pattern>   <message>     <id>cwe_122</id>     <severity>warning</severity>     <summary>Detects heap-based buffer overflow using strcpy</summary>   </message> </rule>"
qwen2.5.1-coder-7b-instruct,0.0,512,CWE-126,Buffer Over-read,True,True,True,True,"<?xml version=""1.0""?> <rule version=""1"">   <pattern>strlen \( \w+ \)</pattern>   <message>     <id>cwe_126</id>     <severity>warning</severity>     <summary>Detects buffer over-read using strlen on non-null-terminated arrays.</summary>   </message> </rule>"
qwen2.5.1-coder-7b-instruct,0.0,512,CWE-665,Improper Initialization,True,True,False,False,"<?xml version=""1.0""?> <rule version=""1"">   <pattern>struct\s+\w+\s*\{[^}]*\}\s*;\s*int\s+main\s*\(\)\s*\{\s*struct\s+\w+\s+p;\s*p\s*\.\s*\w+\s*=\s*\d+;</pattern>   <message>     <id>cwe_665</id>     <severity>warning</severity>     <summary>Improper Initialization: Structure or array used without full initialization of all fields/elements.</summary>   </message> </rule>"
qwen2.5.1-coder-7b-instruct,0.0,512,CWE-688,Function Call With Incorrect Variable as Argument,True,True,True,True,"<?xml version=""1.0""?> <rule version=""1"">   <pattern>free \( \w+ \)</pattern>   <message>     <id>cwe_688</id>     <severity>warning</severity>     <summary>Function call with incorrect variable as argument (CWE-688)</summary>   </message> </rule>"
qwen2.5.1-coder-7b-instruct,0.0,512,CWE-468,Incorrect Pointer Scaling,True,True,False,False,"<?xml version=""1.0""?> <rule version=""1"">   <pattern>p = arr \+ sizeof \( int \) \* [0-9]+;</pattern>   <message>     <id>cwe_468</id>     <severity>warning</severity>     <summary>Incorrect pointer scaling detected. Use simply N instead of sizeof(int)*N.</summary>   </message> </rule>"
qwen2.5.1-coder-7b-instruct,0.0,512,CWE-761,Free of Pointer not at Start of Buffer,True,True,False,False,"<?xml version=""1.0""?> <rule version=""1"">   <pattern>free \( (\w+) \) .* \* \1</pattern>   <message>     <id>cwe_761</id>     <severity>warning</severity>     <summary>Free of Pointer not at Start of Buffer</summary>   </message> </rule>"
qwen2.5.1-coder-7b-instruct,0.0,512,CWE-805,Buffer Access with Incorrect Length Value,True,True,True,False,"<?xml version=""1.0""?> <rule version=""1"">   <pattern>sizeof \( \w+ \)</pattern>   <message>     <id>cwe_805</id>     <severity>warning</severity>     <summary>Buffer Access with Incorrect Length Value: sizeof used on pointer instead of buffer size.</summary>   </message> </rule>"
qwen2.5.1-coder-7b-instruct,0.0,512,CWE-908,Use of Uninitialized Resource,True,True,True,True,"<?xml version=""1.0""?> <rule version=""1"">   <pattern>FILE \* [a-zA-Z_0-9]+ ; .* fread \(.* ,.* ,.* , [a-zA-Z_0-9]+ \)</pattern>   <message>     <id>cwe_908</id>     <severity>warning</severity>     <summary>Use of uninitialized resource: FILE* not properly initialized before use.</summary>   </message> </rule>"
qwen2.5.1-coder-7b-instruct,0.0,512,CWE-676,Use of Potentially Dangerous Function,True,True,True,False,"<?xml version=""1.0""?> <rule version=""1"">   <pattern>sprintf \( \w+ , .* \)</pattern>   <message>     <id>cwe_676</id>     <severity>warning</severity>     <summary>Use of sprintf without buffer size control detected. This can lead to buffer overflow.</summary>   </message> </rule>"
qwen2.5.1-coder-7b-instruct,0.3,256,CWE-476,NULL Pointer Dereference,True,True,True,True,"<?xml version=""1.0""?> <rule version=""1"">   <pattern>\* \w+ ;</pattern>   <message>     <id>cwe_476</id>     <severity>warning</severity>     <summary>NULL Pointer Dereference</summary>   </message> </rule>"
qwen2.5.1-coder-7b-instruct,0.3,256,CWE-787,Out-of-Bounds Write,True,True,True,False,"<?xml version=""1.0""?> <rule version=""1"">   <pattern>strcpy \( \w+ , \w+ \)</pattern>   <message>     <id>cwe_787</id>     <severity>warning</severity>     <summary>Out-of-Bounds Write: strcpy without length check</summary>   </message> </rule>"
qwen2.5.1-coder-7b-instruct,0.3,256,CWE-416,Use After Free,True,False,False,False,"<?xml version=""1.0""?> <rule version=""1"">   <pattern>free \( \w+ \) .* \* \1</pattern>   <message>     <id>cwe_416</id>     <severity>warning</severity>     <summary>Detects use of pointer after it has been freed</summary>   </message> </rule>"
qwen2.5.1-coder-7b-instruct,0.3,256,CWE-401,Memory Leak,True,True,True,True,"<?xml version=""1.0""?> <rule version=""1"">   <pattern>malloc \( .* \) (?!.* free \()</pattern>   <message>     <id>cwe_401</id>     <severity>warning</severity>     <summary>Memory Leak: allocated memory is not freed.</summary>   </message> </rule>"
qwen2.5.1-coder-7b-instruct,0.3,256,CWE-415,Double Free,True,True,False,False,"<?xml version=""1.0""?> <rule version=""1"">   <pattern>free \( (\w+) \) .* free \( \1 \)</pattern>   <message>     <id>cwe_415</id>     <severity>warning</severity>     <summary>Duplicate free of the same pointer detected. This can lead to undefined behavior and security vulnerabilities.</summary>   </message> </rule>"
qwen2.5.1-coder-7b-instruct,0.3,256,CWE-190,Integer Overflow,True,True,False,False,"<?xml version=""1.0""?> <rule version=""1"">   <pattern>\breturn \w+ \+ \w+;\b</pattern>   <message>     <id>cwe_190</id>     <severity>warning</severity>     <summary>Potential integer overflow in arithmetic operation.</summary>   </message> </rule>"
qwen2.5.1-coder-7b-instruct,0.3,256,CWE-457,Use of Uninitialized Variable,True,True,False,False,"<?xml version=""1.0""?> <rule version=""1"">   <pattern>int \w+ ; if \( ! \w+ \) .* return \w+</pattern>   <message>     <id>cwe_457</id>     <severity>warning</severity>     <summary>Use of uninitialized variable</summary>   </message> </rule>"
qwen2.5.1-coder-7b-instruct,0.3,256,CWE-125,Out-of-Bounds Read,True,True,False,False,"<?xml version=""1.0""?> <rule version=""1"">   <pattern>arr \[ [0-9]+ \+ [0-9]+ \]</pattern>   <message>     <id>cwe_125</id>     <severity>warning</severity>     <summary>Out-of-Bounds Read: Potential read from array beyond its bounds.</summary>   </message> </rule>"
qwen2.5.1-coder-7b-instruct,0.3,256,CWE-242,Use of Inherently Dangerous Function,True,True,True,False,"<?xml version=""1.0""?> <rule version=""1"">   <pattern>gets \( \w+ \)</pattern>   <message>     <id>cwe_242</id>     <severity>warning</severity>     <summary>Use of inherently dangerous function 'gets()'</summary>   </message> </rule>"
qwen2.5.1-coder-7b-instruct,0.3,256,CWE-134,Use of Externally-Controlled Format String,True,True,False,False,"<?xml version=""1.0""?> <rule version=""1"">   <pattern>printf \( \w+ ,</pattern>   <message>     <id>cwe_134</id>     <severity>warning</severity>     <summary>Potential use of externally-controlled format string in printf</summary>   </message> </rule>"
qwen2.5.1-coder-7b-instruct,0.3,256,CWE-369,Divide By Zero,True,True,False,False,"<?xml version=""1.0""?> <rule version=""1"">   <pattern>/ \s* \( \s* \w+ \s* , \s* \w+ \s* \) ;</pattern>   <message>     <id>cwe_369</id>     <severity>warning</severity>     <summary>Division by zero detected. Ensure the divisor is not zero before performing division.</summary>   </message> </rule>"
qwen2.5.1-coder-7b-instruct,0.3,256,CWE-562,Return of Stack Variable Address,True,True,False,False,"<?xml version=""1.0""?> <rule version=""1"">   <pattern>return \&amp; (\w+);</pattern>   <message>     <id>cwe_562</id>     <severity>warning</severity>     <summary>Returns address of local variable from function.</summary>   </message> </rule>"
qwen2.5.1-coder-7b-instruct,0.3,256,CWE-690,Unchecked Return Value to NULL Pointer Dereference,True,True,False,False,"<?xml version=""1.0""?> <rule version=""1"">   <pattern>malloc \( .* \) (?!.* free \() (\w+); \s* \* \1</pattern>   <message>     <id>cwe_690</id>     <severity>warning</severity>     <summary>Unchecked return value to NULL Pointer Dereference</summary>   </message> </rule>"
qwen2.5.1-coder-7b-instruct,0.3,256,CWE-252,Unchecked Return Value,True,True,False,False,"<?xml version=""1.0""?> <rule version=""1"">   <pattern>fopen \(.*\); [^f]* fread \(.*\);</pattern>   <message>     <id>cwe_252</id>     <severity>warning</severity>     <summary>Unchecked return value for fopen and fread functions.</summary>   </message> </rule>"
qwen2.5.1-coder-7b-instruct,0.3,256,CWE-191,Integer Underflow,True,True,False,False,"<?xml version=""1.0""?> <rule version=""1"">   <pattern>int \w+ - \w+</pattern>   <message>     <id>cwe_191</id>     <severity>warning</severity>     <summary>Potential integer underflow detected. Subtracting a larger number from a smaller one can lead to unexpected results.</summary>   </message> </rule>"
qwen2.5.1-coder-7b-instruct,0.3,256,CWE-197,Numeric Truncation Error,True,True,True,True,"<?xml version=""1.0""?> <rule version=""1"">   <pattern>char result ; result = (\w+) ; return result ;</pattern>   <message>     <id>cwe_197</id>     <severity>warning</severity>     <summary>Numeric Truncation Error: Conversion from larger type to smaller type without bounds checking.</summary>   </message> </rule>"
qwen2.5.1-coder-7b-instruct,0.3,256,CWE-195,Signed to Unsigned Conversion Error,True,True,True,False,"<?xml version=""1.0""?> <rule version=""1"">   <pattern>memcpy \( \w+ , \w+ , (\w+) \)</pattern>   <message>     <id>cwe_195</id>     <severity>warning</severity>     <summary>Signed to Unsigned Conversion Error: Negative value passed to memcpy.</summary>   </message> </rule>"
qwen2.5.1-coder-7b-instruct,0.3,256,CWE-131,Incorrect Calculation of Buffer Size,True,True,False,False,"<?xml version=""1.0""?> <rule version=""1"">   <pattern>malloc \( .* \) (?!.* free \() strcpy \( \w+ , \w+ \)</pattern>   <message>     <id>cwe_131</id>     <severity>warning</severity>     <summary>Incorrect calculation of buffer size: malloc without +1 for null terminator.</summary>   </message> </rule>"
qwen2.5.1-coder-7b-instruct,0.3,256,CWE-170,Improper Null Termination,True,True,False,False,"<?xml version=""1.0""?> <rule version=""1"">   <pattern>strncpy \( \w+ , \w+ , \d+ \)</pattern>   <message>     <id>cwe_170</id>     <severity>warning</severity>     <summary>Improper null termination in strncpy usage</summary>   </message> </rule>"
qwen2.5.1-coder-7b-instruct,0.3,256,CWE-129,Improper Validation of Array Index,True,True,True,True,"<?xml version=""1.0""?> <rule version=""1"">   <pattern>arr \[ [^ ]+ \]</pattern>   <message>     <id>cwe_129</id>     <severity>warning</severity>     <summary>Improper validation of array index</summary>   </message> </rule>"
qwen2.5.1-coder-7b-instruct,0.3,256,CWE-121,Stack-based Buffer Overflow,True,True,True,False,"<?xml version=""1.0""?> <rule version=""1"">   <pattern>strcpy \( \w+ , \w+ \)</pattern>   <message>     <id>cwe_121</id>     <severity>warning</severity>     <summary>Detects stack-based buffer overflow using strcpy</summary>   </message> </rule>"
qwen2.5.1-coder-7b-instruct,0.3,256,CWE-122,Heap-based Buffer Overflow,True,True,True,False,"<?xml version=""1.0""?> <rule version=""1"">   <pattern>strcpy \( \w+ , .* \)</pattern>   <message>     <id>cwe_122</id>     <severity>warning</severity>     <summary>Potential heap-based buffer overflow due to strcpy usage</summary>   </message> </rule>"
qwen2.5.1-coder-7b-instruct,0.3,256,CWE-126,Buffer Over-read,True,True,True,True,"<?xml version=""1.0""?> <rule version=""1"">   <pattern>strlen \( \w+ \)</pattern>   <message>     <id>cwe_126</id>     <severity>warning</severity>     <summary>Detects buffer over-read using strlen on non-null-terminated array</summary>   </message> </rule>"
qwen2.5.1-coder-7b-instruct,0.3,256,CWE-665,Improper Initialization,True,True,False,False,"<?xml version=""1.0""?> <rule version=""1"">   <pattern>struct \w+ {[^}]*};\s+int main\s*\(\)\s*{[^}]*(struct \w+ p;)[^=]*;.*p\.x = [^;]+;.*printf</pattern>   <message>     <id>cwe_665</id>     <severity>warning</severity>     <summary>Improper Initialization: Structure or array used without full initialization of all fields/elements.</summary>   </message> </rule>"
qwen2.5.1-coder-7b-instruct,0.3,256,CWE-688,Function Call With Incorrect Variable as Argument,True,True,True,True,"<?xml version=""1.0""?> <rule version=""1"">   <pattern>free \( \w+ \)</pattern>   <message>     <id>cwe_688</id>     <severity>warning</severity>     <summary>Function call with incorrect variable as argument (CWE-688)</summary>   </message> </rule>"
qwen2.5.1-coder-7b-instruct,0.3,256,CWE-468,Incorrect Pointer Scaling,True,True,False,False,"<?xml version=""1.0""?> <rule version=""1"">   <pattern>p = arr \+ sizeof \( int \) \* [0-9]+;</pattern>   <message>     <id>cwe_468</id>     <severity>warning</severity>     <summary>Incorrect Pointer Scaling: Use of sizeof(int)*N instead of N.</summary>   </message> </rule>"
qwen2.5.1-coder-7b-instruct,0.3,256,CWE-761,Free of Pointer not at Start of Buffer,True,True,False,False,"<?xml version=""1.0""?> <rule version=""1"">   <pattern>free \( (\w+) \) .* \+ \d+</pattern>   <message>     <id>cwe_761</id>     <severity>warning</severity>     <summary>Free of Pointer not at Start of Buffer</summary>   </message> </rule>"
qwen2.5.1-coder-7b-instruct,0.3,256,CWE-805,Buffer Access with Incorrect Length Value,True,True,True,False,"<?xml version=""1.0""?> <rule version=""1"">   <pattern>sizeof \( \w+ \)</pattern>   <message>     <id>cwe_805</id>     <severity>warning</severity>     <summary>Detects use of sizeof on a pointer instead of the buffer size</summary>   </message> </rule>"
qwen2.5.1-coder-7b-instruct,0.3,256,CWE-908,Use of Uninitialized Resource,True,True,True,True,"<?xml version=""1.0""?> <rule version=""1"">   <pattern>FILE \* [a-zA-Z0-9_]+ ; .* fread \( .+ , .+ , .+ , [a-zA-Z0-9_]+ \)</pattern>   <message>     <id>cwe_908</id>     <severity>warning</severity>     <summary>Use of uninitialized resource: FILE* used before being initialized.</summary>   </message> </rule>"
qwen2.5.1-coder-7b-instruct,0.3,256,CWE-676,Use of Potentially Dangerous Function,True,True,True,False,"<?xml version=""1.0""?> <rule version=""1"">   <pattern>sprintf \( \w+ , .* \)</pattern>   <message>     <id>cwe_676</id>     <severity>warning</severity>     <summary>Use of sprintf without buffer size control detected. This can lead to buffer overflow.</summary>   </message> </rule>"
qwen2.5.1-coder-7b-instruct,0.3,512,CWE-476,NULL Pointer Dereference,True,True,True,True,"<?xml version=""1.0""?> <rule version=""1"">   <pattern>\* \w+ ;</pattern>   <message>     <id>cwe_476</id>     <severity>warning</severity>     <summary>NULL Pointer Dereference</summary>   </message> </rule>"
qwen2.5.1-coder-7b-instruct,0.3,512,CWE-787,Out-of-Bounds Write,True,True,True,False,"<?xml version=""1.0""?> <rule version=""1"">   <pattern>strcpy \( \w+ , [^,]+ \)</pattern>   <message>     <id>cwe_787</id>     <severity>warning</severity>     <summary>Out-of-Bounds Write detected. Use strncpy with proper length check.</summary>   </message> </rule>"
qwen2.5.1-coder-7b-instruct,0.3,512,CWE-416,Use After Free,True,False,False,False,"<?xml version=""1.0""?> <rule version=""1"">   <pattern>free \( \w+ \) .* printf \( %\d+n , \* \1 \)</pattern>   <message>     <id>cwe_416</id>     <severity>warning</severity>     <summary>Use of freed memory detected</summary>   </message> </rule>"
qwen2.5.1-coder-7b-instruct,0.3,512,CWE-401,Memory Leak,True,True,True,True,"<?xml version=""1.0""?> <rule version=""1"">   <pattern>malloc \( .* \) (?!.* free \( )</pattern>   <message>     <id>cwe_401</id>     <severity>warning</severity>     <summary>Memory leak detected: allocated memory is not freed.</summary>   </message> </rule>"
qwen2.5.1-coder-7b-instruct,0.3,512,CWE-415,Double Free,True,True,False,False,"<?xml version=""1.0""?> <rule version=""1"">   <pattern>free \( (\w+) \) .* free \( \1 \)</pattern>   <message>     <id>cwe_415</id>     <severity>warning</severity>     <summary>Duplicate free() call detected. This can lead to undefined behavior.</summary>   </message> </rule>"
qwen2.5.1-coder-7b-instruct,0.3,512,CWE-190,Integer Overflow,True,True,False,False,"<?xml version=""1.0""?> <rule version=""1"">   <pattern>\breturn\b.*\+\b.*\+\b.*\d{10}\b</pattern>   <message>     <id>cwe_190</id>     <severity>warning</severity>     <summary>Integer overflow detected in arithmetic operation.</summary>   </message> </rule>"
qwen2.5.1-coder-7b-instruct,0.3,512,CWE-457,Use of Uninitialized Variable,True,True,False,False,"<?xml version=""1.0""?> <rule version=""1"">   <pattern>int\s+\w+\s*;\s*if\(\s*\w+\s*&gt;\s*0\s*\)\s*</pattern>   <message>     <id>cwe_457</id>     <severity>warning</severity>     <summary>Uninitialized variable used before assignment.</summary>   </message> </rule>"
qwen2.5.1-coder-7b-instruct,0.3,512,CWE-125,Out-of-Bounds Read,True,True,False,False,"<?xml version=""1.0""?> <rule version=""1"">   <pattern>arr \[ [0-9]+ \+ [0-9]+ \]</pattern>   <message>     <id>cwe_125</id>     <severity>warning</severity>     <summary>Out-of-Bounds Read detected. Access to array element outside its bounds.</summary>   </message> </rule>"
qwen2.5.1-coder-7b-instruct,0.3,512,CWE-242,Use of Inherently Dangerous Function,True,True,True,False,"<?xml version=""1.0""?> <rule version=""1"">   <pattern>gets \( \w+ \)</pattern>   <message>     <id>cwe_242</id>     <severity>warning</severity>     <summary>Use of the inherently dangerous function gets(). This function is unsafe as it does not check for buffer overflow and should be replaced with safer alternatives like fgets().</summary>   </message> </rule>"
qwen2.5.1-coder-7b-instruct,0.3,512,CWE-134,Use of Externally-Controlled Format String,True,True,False,False,"<?xml version=""1.0""?> <rule version=""1"">   <pattern>printf \( \w+ , \w+ \)</pattern>   <message>     <id>cwe_134</id>     <severity>warning</severity>     <summary>Use of externally-controlled format string in printf</summary>   </message> </rule>"
qwen2.5.1-coder-7b-instruct,0.3,512,CWE-369,Divide By Zero,True,True,False,False,"<?xml version=""1.0""?> <rule version=""1"">   <pattern>/ \( \w+ \) ;</pattern>   <message>     <id>cwe_369</id>     <severity>warning</severity>     <summary>Divide by zero detected. Check for division by zero condition.</summary>   </message> </rule>"
qwen2.5.1-coder-7b-instruct,0.3,512,CWE-562,Return of Stack Variable Address,False,False,False,False,
qwen2.5.1-coder-7b-instruct,0.3,512,CWE-690,Unchecked Return Value to NULL Pointer Dereference,True,True,True,True,"<?xml version=""1.0""?> <rule version=""1"">   <pattern>malloc \( .* \) (?!.* free \()</pattern>   <message>     <id>cwe_690</id>     <severity>warning</severity>     <summary>Unchecked return value to NULL pointer dereference</summary>   </message> </rule>"
qwen2.5.1-coder-7b-instruct,0.3,512,CWE-252,Unchecked Return Value,True,True,False,False,"<?xml version=""1.0""?> <rule version=""1"">   <pattern>fread \(.*\);[^f]</pattern>   <message>     <id>cwe_252</id>     <severity>warning</severity>     <summary>Unchecked return value of fread function</summary>   </message> </rule>"
qwen2.5.1-coder-7b-instruct,0.3,512,CWE-191,Integer Underflow,True,True,True,True,"<?xml version=""1.0""?> <rule version=""1"">   <pattern>return \w+ - \w+</pattern>   <message>     <id>cwe_191</id>     <severity>warning</severity>     <summary>Potential integer underflow detected. Ensure the operation is safe.</summary>   </message> </rule>"
qwen2.5.1-coder-7b-instruct,0.3,512,CWE-197,Numeric Truncation Error,True,True,True,True,"<?xml version=""1.0""?> <rule version=""1"">   <pattern>char result ; result = (\w+) ; return result ;</pattern>   <message>     <id>cwe_197</id>     <severity>warning</severity>     <summary>Numeric truncation error: conversion from larger type to smaller without bounds check.</summary>   </message> </rule>"
qwen2.5.1-coder-7b-instruct,0.3,512,CWE-195,Signed to Unsigned Conversion Error,True,True,False,False,"<?xml version=""1.0""?> <rule version=""1"">   <pattern>memcpy \s* \( \s* \w+ \s*, \s* \w+ \s*, \s* (?:-?\d+|\w+) \s*\)</pattern>   <message>     <id>cwe_195</id>     <severity>warning</severity>     <summary>Potential signed to unsigned conversion error in memcpy call.</summary>   </message> </rule>"
qwen2.5.1-coder-7b-instruct,0.3,512,CWE-131,Incorrect Calculation of Buffer Size,True,True,False,False,"<?xml version=""1.0""?> <rule version=""1"">   <pattern>malloc \( .* \) (?!.* free \() strcpy \( \w+ , \w+ \)</pattern>   <message>     <id>cwe_131</id>     <severity>warning</severity>     <summary>Incorrect calculation of buffer size: malloc without +1 for null terminator.</summary>   </message> </rule>"
qwen2.5.1-coder-7b-instruct,0.3,512,CWE-170,Improper Null Termination,True,True,True,False,"<?xml version=""1.0""?> <rule version=""1"">   <pattern>strncpy \( \w+ , \w+ , sizeof \( \w+ \) \)</pattern>   <message>     <id>cwe_170</id>     <severity>warning</severity>     <summary>Improper null termination detected. Use strncpy with explicit null terminator or ensure source string is shorter than buffer.</summary>   </message> </rule>"
qwen2.5.1-coder-7b-instruct,0.3,512,CWE-129,Improper Validation of Array Index,True,True,True,True,"<?xml version=""1.0""?> <rule version=""1"">   <pattern>arr \[ [^ ]+ \]</pattern>   <message>     <id>cwe_129</id>     <severity>warning</severity>     <summary>Improper validation of array index</summary>   </message> </rule>"
qwen2.5.1-coder-7b-instruct,0.3,512,CWE-121,Stack-based Buffer Overflow,True,True,True,False,"<?xml version=""1.0""?> <rule version=""1"">   <pattern>strcpy \( \w+ , [^,]+ \)</pattern>   <message>     <id>cwe_121</id>     <severity>warning</severity>     <summary>Detects stack-based buffer overflow using strcpy</summary>   </message> </rule>"
qwen2.5.1-coder-7b-instruct,0.3,512,CWE-122,Heap-based Buffer Overflow,True,True,True,False,"<?xml version=""1.0""?> <rule version=""1"">   <pattern>strcpy \( \w+ , .* \)</pattern>   <message>     <id>cwe_122</id>     <severity>warning</severity>     <summary>Detects heap-based buffer overflow using strcpy</summary>   </message> </rule>"
qwen2.5.1-coder-7b-instruct,0.3,512,CWE-126,Buffer Over-read,True,True,True,True,"<?xml version=""1.0""?> <rule version=""1"">   <pattern>strlen \( \w+ \)</pattern>   <message>     <id>cwe_126</id>     <severity>warning</severity>     <summary>Detects potential buffer over-read in strlen function</summary>   </message> </rule>"
qwen2.5.1-coder-7b-instruct,0.3,512,CWE-665,Improper Initialization,True,True,False,False,"<?xml version=""1.0""?> <rule version=""1"">   <pattern>struct\s+\w+\s*{\s*\w+\s+\w+;\s*\w+\s+\w+;\s*}\s*int\s+main\s*\(\)\s*\{[^=]*\s*struct\s+\w+\s+p;\s*p\s*\.\s*\w+\s*=\s*10;</pattern>   <message>     <id>cwe_665</id>     <severity>warning</severity>     <summary>Improper initialization of struct or array. Reading uninitialized fields may lead to undefined behavior.</summary>   </message> </rule>"
qwen2.5.1-coder-7b-instruct,0.3,512,CWE-688,Function Call With Incorrect Variable as Argument,True,True,False,False,"<?xml version=""1.0""?> <rule version=""1"">   <pattern>free \( (\w+) \) .* \* \1</pattern>   <message>     <id>cwe_688</id>     <severity>warning</severity>     <summary>Function call with incorrect variable as argument (CWE-688)</summary>   </message> </rule>"
qwen2.5.1-coder-7b-instruct,0.3,512,CWE-468,Incorrect Pointer Scaling,True,True,True,False,"<?xml version=""1.0""?> <rule version=""1"">   <pattern>p = arr \+ sizeof \( int \) \* [0-9]+ ;</pattern>   <message>     <id>cwe_468</id>     <severity>warning</severity>     <summary>Incorrect pointer scaling detected. Use simply N instead of sizeof(int)*N.</summary>   </message> </rule>"
qwen2.5.1-coder-7b-instruct,0.3,512,CWE-761,Free of Pointer not at Start of Buffer,True,True,False,False,"<?xml version=""1.0""?> <rule version=""1"">   <pattern>free \( (\w+) \) .* \+ \d+</pattern>   <message>     <id>cwe_761</id>     <severity>warning</severity>     <summary>Free of Pointer not at Start of Buffer</summary>   </message> </rule>"
qwen2.5.1-coder-7b-instruct,0.3,512,CWE-805,Buffer Access with Incorrect Length Value,True,True,True,False,"<?xml version=""1.0""?> <rule version=""1"">   <pattern>sizeof \( \w+ \)</pattern>   <message>     <id>cwe_805</id>     <severity>warning</severity>     <summary>Buffer Access with Incorrect Length Value: sizeof used on pointer instead of buffer size.</summary>   </message> </rule>"
qwen2.5.1-coder-7b-instruct,0.3,512,CWE-908,Use of Uninitialized Resource,True,True,False,False,"<?xml version=""1.0""?> <rule version=""1"">   <pattern>fread \( \w+ , \d+ , \d+ , (?!.* fopen \( )\w+\)</pattern>   <message>     <id>cwe_908</id>     <severity>warning</severity>     <summary>Use of uninitialized resource: FILE* not properly initialized before use.</summary>   </message> </rule>"
qwen2.5.1-coder-7b-instruct,0.3,512,CWE-676,Use of Potentially Dangerous Function,True,True,True,False,"<?xml version=""1.0""?> <rule version=""1"">   <pattern>sprintf \( \w+ , .* \)</pattern>   <message>     <id>cwe_676</id>     <severity>warning</severity>     <summary>Use of sprintf without buffer size control detected. This can lead to buffer overflows.</summary>   </message> </rule>"
qwen2.5.1-coder-7b-instruct,0.7,256,CWE-476,NULL Pointer Dereference,True,True,True,True,"<?xml version=""1.0""?> <rule version=""1"">   <pattern>\* \w+ ;</pattern>   <message>     <id>cwe_476</id>     <severity>warning</severity>     <summary>Null pointer dereference detected. Dereferencing a potentially uninitialized or null pointer can lead to undefined behavior, including segmentation faults.</summary>   </message> </rule>"
qwen2.5.1-coder-7b-instruct,0.7,256,CWE-787,Out-of-Bounds Write,True,True,True,False,"<?xml version=""1.0""?> <rule version=""1"">   <pattern>strcpy \( \w+ , \w+ \)</pattern>   <message>     <id>cwe_787</id>     <severity>warning</severity>     <summary>Detects out-of-bounds write vulnerability using strcpy without length check.</summary>   </message> </rule>"
qwen2.5.1-coder-7b-instruct,0.7,256,CWE-416,Use After Free,True,False,False,False,"<?xml version=""1.0""?> <rule version=""1"">   <pattern>free \( \w+ \) .* \* \1</pattern>   <message>     <id>cwe_416</id>     <severity>warning</severity>     <summary>Detects use after free vulnerability</summary>   </message> </rule>"
qwen2.5.1-coder-7b-instruct,0.7,256,CWE-401,Memory Leak,True,True,True,True,"<?xml version=""1.0""?> <rule version=""1"">   <pattern>malloc \( .* \) (?!.* free \()</pattern>   <message>     <id>cwe_401</id>     <severity>warning</severity>     <summary>Memory leak detected: allocated memory is not freed.</summary>   </message> </rule>"
qwen2.5.1-coder-7b-instruct,0.7,256,CWE-415,Double Free,True,True,False,False,"<?xml version=""1.0""?> <rule version=""1"">   <pattern>free \( (\w+) \) .* free \( \1 \)</pattern>   <message>     <id>cwe_415</id>     <severity>warning</severity>     <summary>Duplicate free of the same pointer detected.</summary>   </message> </rule>"
qwen2.5.1-coder-7b-instruct,0.7,256,CWE-190,Integer Overflow,True,True,True,False,"<?xml version=""1.0""?> <rule version=""1"">   <pattern>return \w+ \+ \w+ ;</pattern>   <message>     <id>cwe_190</id>     <severity>warning</severity>     <summary>Potential integer overflow detected in arithmetic operation.</summary>   </message> </rule>"
qwen2.5.1-coder-7b-instruct,0.7,256,CWE-457,Use of Uninitialized Variable,True,True,False,False,"<?xml version=""1.0""?> <rule version=""1"">   <pattern>int \w+ ;[^=]= NULL; return \w+</pattern>   <message>     <id>cwe_457</id>     <severity>warning</severity>     <summary>Uninitialized variable used before assignment</summary>   </message> </rule>"
qwen2.5.1-coder-7b-instruct,0.7,256,CWE-125,Out-of-Bounds Read,True,True,False,False,"<?xml version=""1.0""?> <rule version=""1"">   <pattern>arr \[ [0-9]+ \+ [^ ]+ \]</pattern>   <message>     <id>cwe_125</id>     <severity>warning</severity>     <summary>Out-of-Bounds Read: Potential read from array index calculated as idx + offset.</summary>   </message> </rule>"
qwen2.5.1-coder-7b-instruct,0.7,256,CWE-242,Use of Inherently Dangerous Function,True,True,True,False,"<?xml version=""1.0""?> <rule version=""1"">   <pattern>gets \( \w+ \)</pattern>   <message>     <id>cwe_242</id>     <severity>warning</severity>     <summary>Use of gets(), a function that is inherently dangerous and removed from C11. This function can lead to buffer overflows.</summary>   </message> </rule>"
qwen2.5.1-coder-7b-instruct,0.7,256,CWE-134,Use of Externally-Controlled Format String,True,True,False,False,"<?xml version=""1.0""?> <rule version=""1"">   <pattern>printf\s*\([^&quot;]*%[^&quot;]*\)</pattern>   <message>     <id>cwe_134</id>     <severity>warning</severity>     <summary>Use of externally-controlled format string in printf</summary>   </message> </rule>"
qwen2.5.1-coder-7b-instruct,0.7,256,CWE-369,Divide By Zero,True,True,False,False,"<?xml version=""1.0""?> <rule version=""1"">   <pattern>/\s*\(.*\)\s*\;\s*</pattern>   <message>     <id>cwe_369</id>     <severity>warning</severity>     <summary>Divide by zero detected: Division operation without checking the divisor.</summary>   </message> </rule>"
qwen2.5.1-coder-7b-instruct,0.7,256,CWE-562,Return of Stack Variable Address,True,True,True,False,"<?xml version=""1.0""?> <rule version=""1"">   <pattern>return &amp; \w+</pattern>   <message>     <id>cwe_562</id>     <severity>warning</severity>     <summary>Returns address of stack variable</summary>   </message> </rule>"
qwen2.5.1-coder-7b-instruct,0.7,256,CWE-690,Unchecked Return Value to NULL Pointer Dereference,True,True,False,False,"<?xml version=""1.0""?> <rule version=""1"">   <pattern>malloc\(.*\)(?!.*free\s*\() ;</pattern>   <message>     <id>cwe_690</id>     <severity>warning</severity>     <summary>Potential NULL pointer dereference due to unchecked malloc return value.</summary>   </message> </rule>"
qwen2.5.1-coder-7b-instruct,0.7,256,CWE-252,Unchecked Return Value,True,True,False,False,"<?xml version=""1.0""?> <rule version=""1"">   <pattern>fopen \( .+ \) ;[^;]* fread \( .+ \)</pattern>   <message>     <id>cwe_252</id>     <severity>warning</severity>     <summary>Unchecked return value of fopen and fread functions</summary>   </message> </rule>"
qwen2.5.1-coder-7b-instruct,0.7,256,CWE-191,Integer Underflow,True,True,True,True,"<?xml version=""1.0""?> <rule version=""1"">   <pattern>return \w+ - \w+</pattern>   <message>     <id>cwe_191</id>     <severity>warning</severity>     <summary>Potential integer underflow in subtraction operation.</summary>   </message> </rule>"
qwen2.5.1-coder-7b-instruct,0.7,256,CWE-197,Numeric Truncation Error,True,True,True,True,"<?xml version=""1.0""?> <rule version=""1"">   <pattern>char result ; result = (\w+) ; return result ;</pattern>   <message>     <id>cwe_197</id>     <severity>warning</severity>     <summary>Numeric truncation error: conversion from larger type to smaller type without bounds checking.</summary>   </message> </rule>"
qwen2.5.1-coder-7b-instruct,0.7,256,CWE-195,Signed to Unsigned Conversion Error,True,True,False,False,"<?xml version=""1.0""?> <rule version=""1"">   <pattern>\bmemcpy\s*\(\s*\w+\s*,\s*\w+\s*,\s*(-?\d+)\s*\)</pattern>   <message>     <id>cwe_195</id>     <severity>warning</severity>     <summary>Signed to Unsigned Conversion Error: Negative value passed to memcpy.</summary>   </message> </rule>"
qwen2.5.1-coder-7b-instruct,0.7,256,CWE-131,Incorrect Calculation of Buffer Size,True,False,False,False,"<?xml version=""1.0""?> <rule version=""1"">   <pattern>malloc \( .* \) (?!.* free \()) strcpy \( \w+ , \w+ \)</pattern>   <message>     <id>cwe_131</id>     <severity>warning</severity>     <summary>Incorrect calculation of buffer size: malloc without +1 for null terminator</summary>   </message> </rule>"
qwen2.5.1-coder-7b-instruct,0.7,256,CWE-170,Improper Null Termination,True,True,False,False,"<?xml version=""1.0""?> <rule version=""1"">   <pattern>strncpy (\w+ , \w+ , \w+)</pattern>   <message>     <id>cwe_170</id>     <severity>warning</severity>     <summary>Improper Null Termination - Use of strncpy without null termination check.</summary>   </message> </rule>"
qwen2.5.1-coder-7b-instruct,0.7,256,CWE-129,Improper Validation of Array Index,True,True,True,True,"<?xml version=""1.0""?> <rule version=""1"">   <pattern>arr \[ (\w+) \]</pattern>   <message>     <id>cwe_129</id>     <severity>warning</severity>     <summary>Potential Improper Validation of Array Index</summary>   </message> </rule>"
qwen2.5.1-coder-7b-instruct,0.7,256,CWE-121,Stack-based Buffer Overflow,True,True,False,False,"<?xml version=""1.0""?> <rule version=""1"">   <pattern>strcpy \( \w+ , [^ ]+\)</pattern>   <message>     <id>cwe_121</id>     <severity>warning</severity>     <summary>Stack-based Buffer Overflow detected. Use strncpy with proper length check.</summary>   </message> </rule>"
qwen2.5.1-coder-7b-instruct,0.7,256,CWE-122,Heap-based Buffer Overflow,True,True,True,False,"<?xml version=""1.0""?> <rule version=""1"">   <pattern>strcpy \( \w+ , .* \)</pattern>   <message>     <id>cwe_122</id>     <severity>warning</severity>     <summary>Detects heap-based buffer overflow using strcpy with insufficient buffer size.</summary>   </message> </rule>"
qwen2.5.1-coder-7b-instruct,0.7,256,CWE-126,Buffer Over-read,True,True,True,True,"<?xml version=""1.0""?> <rule version=""1"">   <pattern>strlen \( [^&quot;]+ \)</pattern>   <message>     <id>cwe_126</id>     <severity>warning</severity>     <summary>Detects usage of strlen on a non-null-terminated array, which can lead to buffer over-read.</summary>   </message> </rule>"
qwen2.5.1-coder-7b-instruct,0.7,256,CWE-665,Improper Initialization,True,True,True,True,"<?xml version=""1.0""?> <rule version=""1"">   <pattern>p \.</pattern>   <message>     <id>cwe_665</id>     <severity>warning</severity>     <summary>Improper Initialization of Structure/Array</summary>   </message> </rule>"
qwen2.5.1-coder-7b-instruct,0.7,256,CWE-688,Function Call With Incorrect Variable as Argument,True,True,False,False,"<?xml version=""1.0""?> <rule version=""1"">   <pattern>free \( [^a-zA-Z0-9_]* \)</pattern>   <message>     <id>cwe_688</id>     <severity>warning</severity>     <summary>Function call with incorrect variable as argument (CWE-688)</summary>   </message> </rule>"
qwen2.5.1-coder-7b-instruct,0.7,256,CWE-468,Incorrect Pointer Scaling,True,True,True,False,"<?xml version=""1.0""?> <rule version=""1"">   <pattern>p = arr \+ sizeof \( int \) \* [0-9]+ ;</pattern>   <message>     <id>cwe_468</id>     <severity>warning</severity>     <summary>Incorrect pointer scaling detected. Use 'arr + N' instead of 'arr + sizeof(int) * N'.</summary>   </message> </rule>"
qwen2.5.1-coder-7b-instruct,0.7,256,CWE-761,Free of Pointer not at Start of Buffer,True,True,False,False,"<?xml version=""1.0""?> <rule version=""1"">   <pattern>free \( (\w+) \) .* free \( (\w+) \)</pattern>   <message>     <id>cwe_761</id>     <severity>warning</severity>     <summary>Free of pointer not at start of buffer</summary>   </message> </rule>"
qwen2.5.1-coder-7b-instruct,0.7,256,CWE-805,Buffer Access with Incorrect Length Value,True,True,True,False,"<?xml version=""1.0""?> <rule version=""1"">   <pattern>memcpy \( \w+ , \w+ , sizeof \( \w+ \) \)</pattern>   <message>     <id>cwe_805</id>     <severity>warning</severity>     <summary>Buffer Access with Incorrect Length Value: Using sizeof on a pointer instead of the actual buffer size.</summary>   </message> </rule>"
qwen2.5.1-coder-7b-instruct,0.7,256,CWE-908,Use of Uninitialized Resource,True,True,False,False,"<?xml version=""1.0""?> <rule version=""1"">   <pattern>FILE \* [a-zA-Z0-9_]+ ; .* fread \(.* , .* , .* , [a-zA-Z0-9_]+ ;</pattern>   <message>     <id>cwe_908</id>     <severity>warning</severity>     <summary>Use of uninitialized resource. FILE* not properly initialized before use.</summary>   </message> </rule>"
qwen2.5.1-coder-7b-instruct,0.7,256,CWE-676,Use of Potentially Dangerous Function,True,True,True,False,"<?xml version=""1.0""?> <rule version=""1"">   <pattern>sprintf \( \w+ ,</pattern>   <message>     <id>cwe_676</id>     <severity>warning</severity>     <summary>Use of sprintf without buffer size control</summary>   </message> </rule>"
qwen2.5.1-coder-7b-instruct,0.7,512,CWE-476,NULL Pointer Dereference,True,True,True,True,"<?xml version=""1.0""?> <rule version=""1"">   <pattern>\* \w+ ;</pattern>   <message>     <id>cwe_476</id>     <severity>warning</severity>     <summary>Null pointer dereference detected. Ensure the pointer is not NULL before dereferencing.</summary>   </message> </rule>"
qwen2.5.1-coder-7b-instruct,0.7,512,CWE-787,Out-of-Bounds Write,True,True,True,False,"<?xml version=""1.0""?> <rule version=""1"">   <pattern>strcpy \( \w+ , \w+ \)</pattern>   <message>     <id>cwe_787</id>     <severity>warning</severity>     <summary>Out-of-Bounds Write detected: Potential strcpy without length check.</summary>   </message> </rule>"
qwen2.5.1-coder-7b-instruct,0.7,512,CWE-416,Use After Free,True,True,False,False,"<?xml version=""1.0""?> <rule version=""1"">   <pattern>free \( \w+ \) .* printf \(.*\*\)</pattern>   <message>     <id>cwe_416</id>     <severity>warning</severity>     <summary>Use of freed memory detected</summary>   </message> </rule>"
qwen2.5.1-coder-7b-instruct,0.7,512,CWE-401,Memory Leak,True,True,True,True,"<?xml version=""1.0""?> <rule version=""1"">   <pattern>malloc \( .* \) (?!.* free \(.*\))</pattern>   <message>     <id>cwe_401</id>     <severity>warning</severity>     <summary>Memory Leak: allocated memory is not freed.</summary>   </message> </rule>"
qwen2.5.1-coder-7b-instruct,0.7,512,CWE-415,Double Free,True,True,False,False,"<?xml version=""1.0""?> <rule version=""1"">   <pattern>free \( (\w+) \) .* free \( \1 \)</pattern>   <message>     <id>cwe_415</id>     <severity>warning</severity>     <summary>Double free of the same pointer detected</summary>   </message> </rule>"
qwen2.5.1-coder-7b-instruct,0.7,512,CWE-190,Integer Overflow,True,True,False,False,"<?xml version=""1.0""?> <rule version=""1"">   <pattern>\bint\b.*\+\s*2147483647\s*,\s*1\b</pattern>   <message>     <id>cwe_190</id>     <severity>warning</severity>     <summary>Integer overflow detected in addition operation.</summary>   </message> </rule>"
qwen2.5.1-coder-7b-instruct,0.7,512,CWE-457,Use of Uninitialized Variable,True,True,False,False,"<?xml version=""1.0""?> <rule version=""1"">   <pattern>int\s+\w+\s*;.*if\((.*?)\)\s*\{.*return\s+\1;</pattern>   <message>     <id>cwe_457</id>     <severity>warning</severity>     <summary>Uninitialized variable used before initialization</summary>   </message> </rule>"
qwen2.5.1-coder-7b-instruct,0.7,512,CWE-125,Out-of-Bounds Read,True,True,False,False,"<?xml version=""1.0""?> <rule version=""1"">   <pattern>arr \[ [^0-9] \+ [0-9]+ \]</pattern>   <message>     <id>cwe_125</id>     <severity>warning</severity>     <summary>Out-of-Bounds Read detected. Potential CWE-125 vulnerability.</summary>   </message> </rule>"
qwen2.5.1-coder-7b-instruct,0.7,512,CWE-242,Use of Inherently Dangerous Function,True,True,True,True,"<?xml version=""1.0""?> <rule version=""1"">   <pattern>gets\s*\(.*\)</pattern>   <message>     <id>cwe_242</id>     <severity>warning</severity>     <summary>Use of the inherently dangerous function gets() detected. This function is unsafe and may lead to buffer overflows.</summary>   </message> </rule>"
qwen2.5.1-coder-7b-instruct,0.7,512,CWE-134,Use of Externally-Controlled Format String,True,True,True,True,"<?xml version=""1.0""?> <rule version=""1"">   <pattern>printf \(.*[^%s]%\w+</pattern>   <message>     <id>cwe_134</id>     <severity>warning</severity>     <summary>Use of externally-controlled format string</summary>   </message> </rule>"
qwen2.5.1-coder-7b-instruct,0.7,512,CWE-369,Divide By Zero,True,True,False,False,"<?xml version=""1.0""?> <rule version=""1"">   <pattern>/ \s* \( \s* [^ ]+ \s* \) \s*</pattern>   <message>     <id>cwe_369</id>     <severity>warning</severity>     <summary>Divide by zero vulnerability detected</summary>   </message> </rule>"
qwen2.5.1-coder-7b-instruct,0.7,512,CWE-562,Return of Stack Variable Address,False,False,False,False,
qwen2.5.1-coder-7b-instruct,0.7,512,CWE-690,Unchecked Return Value to NULL Pointer Dereference,True,True,True,True,"<?xml version=""1.0""?> <rule version=""1"">   <pattern>malloc \( .* \) (?!.* free \( )</pattern>   <message>     <id>cwe_690</id>     <severity>warning</severity>     <summary>Detects potential NULL pointer dereference due to unchecked malloc return value.</summary>   </message> </rule>"
qwen2.5.1-coder-7b-instruct,0.7,512,CWE-252,Unchecked Return Value,True,True,False,False,"<?xml version=""1.0""?> <rule version=""1"">   <pattern>fread \( \w+ , \d+ , \d+ , .* \) ;</pattern>   <message>     <id>cwe_252</id>     <severity>warning</severity>     <summary>Unchecked return value of fread. Potential buffer overflow or invalid file access.</summary>   </message> </rule>"
qwen2.5.1-coder-7b-instruct,0.7,512,CWE-191,Integer Underflow,True,True,True,True,"<?xml version=""1.0""?> <rule version=""1"">   <pattern>\breturn\b\s+\w+\s+-\s+\w+\s*;</pattern>   <message>     <id>cwe_191</id>     <severity>warning</severity>     <summary>Integer underflow detected. Ensure the operation is safe.</summary>   </message> </rule>"
qwen2.5.1-coder-7b-instruct,0.7,512,CWE-197,Numeric Truncation Error,True,True,False,False,"<?xml version=""1.0""?> <rule version=""1"">   <pattern>char result; result = (\d{3,}); return result;</pattern>   <message>     <id>cwe_197</id>     <severity>warning</severity>     <summary>Numeric truncation error detected. Conversion from int to char without bounds check.</summary>   </message> </rule>"
qwen2.5.1-coder-7b-instruct,0.7,512,CWE-195,Signed to Unsigned Conversion Error,True,True,False,False,"<?xml version=""1.0""?> <rule version=""1"">   <pattern>memcpy \( \w+ , \w+ , int</pattern>   <message>     <id>cwe_195</id>     <severity>warning</severity>     <summary>Signed to Unsigned Conversion Error: Passing signed value where unsigned is expected.</summary>   </message> </rule>"
qwen2.5.1-coder-7b-instruct,0.7,512,CWE-131,Incorrect Calculation of Buffer Size,True,True,False,False,"<?xml version=""1.0""?> <rule version=""1"">   <pattern>malloc \(.*\) \w+; strcpy \( \w+ , \w+ \)</pattern>   <message>     <id>cwe_131</id>     <severity>warning</severity>     <summary>Incorrect calculation of buffer size: malloc(strlen(s)) without +1 for null terminator.</summary>   </message> </rule>"
qwen2.5.1-coder-7b-instruct,0.7,512,CWE-170,Improper Null Termination,True,True,True,False,"<?xml version=""1.0""?> <rule version=""1"">   <pattern>strncpy \( \w+ , \w+ , sizeof \( \w+ \) \)</pattern>   <message>     <id>cwe_170</id>     <severity>warning</severity>     <summary>Improper Null Termination: strncpy without explicit null-termination can lead to buffer overflows.</summary>   </message> </rule>"
qwen2.5.1-coder-7b-instruct,0.7,512,CWE-129,Improper Validation of Array Index,True,True,True,True,"<?xml version=""1.0""?> <rule version=""1"">   <pattern>\barr\s*\[\s*idx\b</pattern>   <message>     <id>cwe_129</id>     <severity>warning</severity>     <summary>Improper validation of array index</summary>   </message> </rule>"
qwen2.5.1-coder-7b-instruct,0.7,512,CWE-121,Stack-based Buffer Overflow,True,True,True,False,"<?xml version=""1.0""?> <rule version=""1"">   <pattern>strcpy \( \w+ , .{10,} \)</pattern>   <message>     <id>cwe_121</id>     <severity>warning</severity>     <summary>Detects potential stack-based buffer overflow due to use of strcpy with a potentially large source string.</summary>   </message> </rule>"
qwen2.5.1-coder-7b-instruct,0.7,512,CWE-122,Heap-based Buffer Overflow,True,True,False,False,"<?xml version=""1.0""?> <rule version=""1"">   <pattern>strcpy \( \w+ , &quot;[^&quot;]{32,}&quot; \)</pattern>   <message>     <id>cwe_122</id>     <severity>warning</severity>     <summary>Detects heap-based buffer overflow using strcpy with insufficient buffer size.</summary>   </message> </rule>"
qwen2.5.1-coder-7b-instruct,0.7,512,CWE-126,Buffer Over-read,True,True,False,False,"<?xml version=""1.0""?> <rule version=""1"">   <pattern>strlen \( (\w+) \) .* [^=]= NULL</pattern>   <message>     <id>cwe_126</id>     <severity>warning</severity>     <summary>Detection of potential buffer over-read in strlen usage.</summary>   </message> </rule>"
qwen2.5.1-coder-7b-instruct,0.7,512,CWE-665,Improper Initialization,True,True,False,False,"<?xml version=""1.0""?> <rule version=""1"">   <pattern>struct\s+\w+\s*\{.*?\}\s*;.*?int\s+main\(.*?\)\s*{.*?struct\s+\w+\s+p;\s*p\s*.</pattern>   <message>     <id>cwe_665</id>     <severity>warning</severity>     <summary>Improper Initialization - Structure or array used without full initialization of all fields/elements.</summary>   </message> </rule>"
qwen2.5.1-coder-7b-instruct,0.7,512,CWE-688,Function Call With Incorrect Variable as Argument,True,True,True,True,"<?xml version=""1.0""?> <rule version=""1"">   <pattern>free\s+\(\s*[a-zA-Z_]\w*\s*\)</pattern>   <message>     <id>cwe_688</id>     <severity>warning</severity>     <summary>Function call with incorrect variable as argument (CWE-688)</summary>   </message> </rule>"
qwen2.5.1-coder-7b-instruct,0.7,512,CWE-468,Incorrect Pointer Scaling,True,True,False,False,"<?xml version=""1.0""?> <rule version=""1"">   <pattern>p = arr \+ sizeof \( int \) \* [0-9]+;</pattern>   <message>     <id>cwe_468</id>     <severity>warning</severity>     <summary>Incorrect pointer scaling. Use simply N instead of sizeof(int)*N.</summary>   </message> </rule>"
qwen2.5.1-coder-7b-instruct,0.7,512,CWE-761,Free of Pointer not at Start of Buffer,True,True,False,False,"<?xml version=""1.0""?> <rule version=""1"">   <pattern>free\s*\(\s*(\w+)\s*[\+\-]\s*\d+\)</pattern>   <message>     <id>cwe_761</id>     <severity>warning</severity>     <summary>Free of Pointer not at Start of Buffer</summary>   </message> </rule>"
qwen2.5.1-coder-7b-instruct,0.7,512,CWE-805,Buffer Access with Incorrect Length Value,True,True,True,False,"<?xml version=""1.0""?> <rule version=""1"">   <pattern>sizeof \( \w+ \)</pattern>   <message>     <id>cwe_805</id>     <severity>warning</severity>     <summary>Buffer Access with Incorrect Length Value: using sizeof on a pointer instead of the actual buffer size.</summary>   </message> </rule>"
qwen2.5.1-coder-7b-instruct,0.7,512,CWE-908,Use of Uninitialized Resource,True,True,False,False,"<?xml version=""1.0""?> <rule version=""1"">   <pattern>FILE \* (\w+);.*fread \(.*\1</pattern>   <message>     <id>cwe_908</id>     <severity>warning</severity>     <summary>Use of uninitialized FILE resource</summary>   </message> </rule>"
qwen2.5.1-coder-7b-instruct,0.7,512,CWE-676,Use of Potentially Dangerous Function,True,True,True,False,"<?xml version=""1.0""?> <rule version=""1"">   <pattern>sprintf \( \w+ , .*\)</pattern>   <message>     <id>cwe_676</id>     <severity>warning</severity>     <summary>Use of sprintf without buffer size control, potentially leading to buffer overflow.</summary>   </message> </rule>"
